Date,Open,High,Low,Close,Volume
2010-02-22,11298.124772083294,11473.873688641203,11298.124772083294,11348.3388671875,959431
2010-02-23,11348.3388671875,11348.3388671875,11197.697414488508,11348.3388671875,1607022
2010-02-24,11373.443844854353,11674.7275390625,11247.909041652083,11674.7275390625,2404641
2010-02-25,11674.72885452793,11800.263671875,11498.979943719312,11800.263671875,2257498
2010-02-26,11750.048870241397,12302.4013671875,11724.942241330591,12302.4013671875,3043164
2010-03-01,12302.400346905577,12553.469945645726,12302.400346905577,12503.255859375,1934213
2010-03-02,12201.974142741978,12277.294862852208,11900.6904296875,11900.6904296875,1487827
2010-03-03,11925.798417194388,12051.332401169679,11800.263600605505,12001.119140625,681039
2010-03-04,12051.331290084006,12051.331290084006,11825.369140625,11825.369140625,611865
2010-03-05,11775.1552734375,11925.797541855356,11775.1552734375,11775.1552734375,447438
2010-03-08,11775.1552734375,11900.690080812281,11674.727927105794,11775.1552734375,1187633
2010-03-09,11775.156730460169,12051.3330078125,11775.156730460169,12051.3330078125,1437738
2010-03-10,12001.11798152752,12076.438697683472,11976.010521066528,12026.224609375,911278
2010-03-11,12101.545920360459,12101.545920360459,11925.7978515625,11925.7978515625,308581
2010-03-12,12001.118571420704,12001.118571420704,11825.369670009191,11925.7978515625,679341
2010-03-15,11925.798489222068,11950.905119646044,11800.263671875,11800.263671875,1140736
2010-03-16,11674.72740460681,11674.72740460681,11498.978515625,11498.978515625,982795
2010-03-17,11549.194647972225,11674.729471958335,11298.125,11298.125,722129
2010-03-18,11298.12300880955,11423.657810671308,11273.0163814826,11323.23046875,891956
2010-03-19,11323.231097899308,11323.231097899308,11197.6962890625,11197.6962890625,1107661
2010-03-22,11172.589433387524,11498.979787533977,11172.589433387524,11247.91015625,652480
2010-03-23,11273.0166015625,11549.192838004674,11247.909141131886,11273.0166015625,681922
2010-03-24,11298.124772083294,11348.3388671875,11247.910676979089,11348.3388671875,422207
2010-03-25,11197.696738836225,11273.017460640982,11047.054462613138,11097.2685546875,459697
2010-03-26,11423.658203125,11423.658203125,11047.05378460169,11423.658203125,967310
2010-03-29,11323.230689810216,11423.658033692138,11247.909141131886,11273.0166015625,560995
2010-03-30,11172.589276492256,11247.909998297013,11097.2685546875,11097.2685546875,404378
2010-03-31,11072.162150355085,11247.910227272727,11047.0546875,11047.0546875,505507
2010-04-01,11097.2685546875,11097.2685546875,11021.947832882743,11097.2685546875,910124
2010-04-02,11298.124049262944,11298.124049262944,11047.054422418229,11122.3759765625,646843
2010-04-05,11273.016823611804,11298.123451923442,11172.588645138196,11222.802734375,902551
2010-04-06,11222.80197647072,11247.908603086844,11172.587890625,11172.587890625,844040
2010-04-07,11172.589235840587,11172.589235840587,11072.161884670842,11122.3759765625,568296
2010-04-08,11047.053894063252,11122.375444605068,11021.947265625,11021.947265625,904317
2010-04-09,10946.62733392043,11097.26878059658,10946.62733392043,11047.0546875,781183
2010-04-12,11072.160551547033,11172.587890625,11047.053092317437,11172.587890625,1003612
2010-04-13,11097.267178163156,11172.587890625,11021.946465701312,11172.587890625,397587
2010-04-14,11021.946690560968,11021.946690560968,10921.519349434173,10946.6259765625,284844
2010-04-15,11047.053317689295,11047.053317689295,10921.519349434173,10946.6259765625,1021576
2010-04-16,10946.62740560078,10971.734036006677,10846.19921875,10846.19921875,769909
2010-04-19,10795.986557149932,10821.093188949328,10745.7724609375,10745.7724609375,524897
2010-04-20,10745.770951757824,10770.877580031143,10620.236145164183,10645.3427734375,682126
2010-04-21,10620.236106335924,10670.4501953125,10620.236106335924,10670.4501953125,497934
2010-04-22,10745.769292761834,11122.373654400333,10720.662668364626,10996.8388671875,714420
2010-04-23,10996.8388671875,10996.8388671875,10996.8388671875,10996.8388671875,0
2010-04-26,10996.840285140015,11047.053540409019,10896.412109375,10896.412109375,698765
2010-04-27,10921.519919258464,11047.053894063252,10896.412458206682,11021.947265625,928563
2010-04-28,10971.73474844735,10996.842213097178,10896.414019725175,10921.521484375,378943
2010-04-29,10846.19959065857,10871.307054538982,10795.986328125,10795.986328125,569315
2010-04-30,10795.986328125,10795.986328125,10795.986328125,10795.986328125,0
2010-05-03,10795.986328125,10795.986328125,10795.986328125,10795.986328125,0
2010-05-04,10795.985667468474,11273.017460640982,10795.985667468474,11097.2685546875,1124232
2010-05-05,11047.056702727992,11047.056702727992,10871.30859375,10871.30859375,349603
2010-05-06,10795.986370228327,10871.307096936052,10770.87890625,10770.87890625,711364
2010-05-07,10670.4501953125,10720.664284289076,10595.129478154397,10670.4501953125,969279
2010-05-10,10620.236106335924,10695.556823494027,10469.594672019719,10670.4501953125,1505418
2010-05-11,10795.98500144718,10795.98500144718,10595.129478154397,10670.4501953125,888458
2010-05-12,10544.914639757393,10620.2353515625,10419.379842544393,10620.2353515625,1464973
2010-05-13,10645.342789975815,10645.342789975815,10419.380637324326,10469.5947265625,1100394
2010-05-14,10570.02207242532,10570.02207242532,10469.5947265625,10469.5947265625,771097
2010-05-17,10519.809225743087,10519.809225743087,10293.846231672605,10394.2744140625,1180128
2010-05-18,10193.41888189627,10394.2744140625,10193.41888189627,10394.2744140625,701380
2010-05-19,10218.52557475939,10318.953757774076,10193.4189453125,10193.4189453125,1459540
2010-05-20,10042.775352328432,10243.630859375,10042.775352328432,10243.630859375,1506199
2010-05-21,9841.921979431818,10017.6708984375,9816.815347836851,10017.6708984375,1982740
2010-05-24,9816.815165745733,10042.77734375,9816.815165745733,10042.77734375,955696
2010-05-25,10042.77734375,10042.77734375,10042.77734375,10042.77734375,0
2010-05-26,10067.884807492888,10118.098902365044,10042.77734375,10042.77734375,1051867
2010-05-27,10042.77632785939,10067.8837890625,10017.66969926982,10067.8837890625,781658
2010-05-28,10168.31186254331,10293.8466796875,10067.884508396119,10293.8466796875,790929
2010-05-31,10293.844944290006,10293.844944290006,10218.524233224225,10243.630859375,901532
2010-06-01,10193.419325540306,10293.8466796875,10168.31186254331,10293.8466796875,634719
2010-06-02,10268.7400493041,10318.954142684495,10243.632586307105,10293.8466796875,1266994
2010-06-03,10293.844510948862,10344.05859375,10293.844510948862,10344.05859375,1297184
2010-06-04,10410.9287109375,10464.59315029158,10384.096074953699,10410.9287109375,1078952
2010-06-07,10142.606814144889,10330.432789164828,10142.606814144889,10169.439453125,807593
2010-06-08,10169.438104170822,10196.269906978137,10142.60546875,10142.60546875,855764
2010-06-09,10088.942607062332,10169.439693290102,10088.942607062332,10115.7744140625,684179
2010-06-10,10115.77283332918,10169.438104170822,10088.941030521864,10142.60546875,608173
2010-06-11,10303.599842332724,10303.599842332724,10196.2701309058,10249.9345703125,446629
2010-06-14,10249.934341861059,10276.766977273122,10223.1025390625,10223.1025390625,251944
2010-06-15,10223.1025390625,10223.1025390625,10223.1025390625,10223.1025390625,0
2010-06-16,10303.600432275322,10384.0966796875,10249.93515718244,10384.0966796875,775119
2010-06-17,10598.754722477399,10840.2451171875,10545.090282832212,10840.2451171875,1380782
2010-06-18,10732.91796875,10974.408402404255,10732.91796875,10732.91796875,2143542
2010-06-21,10840.245122690405,10840.245122690405,10706.083607202572,10759.748046875,378853
2010-06-22,10545.090651533857,10813.41369175504,10545.090651533857,10786.5810546875,521237
2010-06-23,10518.259342938629,10813.415057505972,10518.259342938629,10732.91796875,330142
2010-06-24,10759.749776592884,10786.582417049429,10732.91796875,10732.91796875,485140
2010-06-25,10652.419109519631,10679.251745516483,10330.431640625,10330.431640625,407736
2010-06-28,10330.431847913924,10598.7548828125,10330.431847913924,10598.7548828125,161957
2010-06-29,10598.755855870319,11108.5693359375,10598.755855870319,11108.5693359375,1297945
2010-06-30,11001.239854373058,11054.904296875,10706.08417169202,11054.904296875,1553511
2010-07-01,10867.077917711076,11001.239435160363,10598.7548828125,10598.7548828125,125543
2010-07-02,10732.917014764627,10732.917014764627,10464.593964503472,10571.9228515625,300814
2010-07-05,10625.58751270156,10679.251953125,10545.09043575963,10679.251953125,462739
2010-07-06,10625.587295877694,10732.916174534443,10464.593145279054,10491.42578125,177145
2010-07-07,10491.426387521533,10679.252352331563,10464.59375,10464.59375,139682
2010-07-08,10464.59375,10652.419714810028,10464.59375,10464.59375,166246
2010-07-09,10464.594357830094,10598.755888003321,10437.76171875,10437.76171875,60213
2010-07-12,10437.761878243056,10464.594517733163,10357.265625,10357.265625,76577
2010-07-13,10598.7564316946,10732.91796875,10464.594894639202,10732.91796875,352988
2010-07-14,10732.91680472337,10732.91680472337,10384.0966796875,10384.0966796875,258330
2010-07-15,10571.922634858996,10571.922634858996,10464.59375,10464.59375,125129
2010-07-16,10598.754659906748,10598.754659906748,10491.42578125,10491.42578125,300019
2010-07-19,10571.9228515625,10571.9228515625,10518.258408032987,10571.9228515625,388671
2010-07-20,10598.755873579614,10598.755873579614,10491.42698263254,10518.2587890625,465503
2010-07-21,10464.59375971325,10464.59375971325,10384.0966796875,10384.0966796875,222774
2010-07-22,10384.096085136012,10410.928721146125,10249.9345703125,10249.9345703125,339992
2010-07-23,10223.103144814484,10249.934949202914,10169.43870342407,10196.2705078125,406179
2010-07-26,10196.2705078125,10196.2705078125,10196.2705078125,10196.2705078125,0
2010-07-27,10196.271302670451,10196.271302670451,9927.9482421875,9927.9482421875,212829
2010-07-28,9927.947037599539,10142.605626463446,9901.115234375,9901.115234375,205711
2010-07-29,10169.439453125,10169.439453125,9927.948200144834,10169.439453125,76260
2010-07-30,9927.94592297426,10062.107421875,9927.94592297426,10062.107421875,124875
2010-08-02,10062.109772428976,10115.774218002842,9927.9482421875,9927.9482421875,83790
2010-08-03,10035.276748338252,10035.276748338252,9901.115234375,9901.115234375,233641
2010-08-04,9927.9482421875,9927.9482421875,9847.45199013351,9927.9482421875,203773
2010-08-05,10008.442984376057,10008.442984376057,9954.778551362368,9981.6103515625,252452
2010-08-06,10008.442984376057,10008.442984376057,9954.778551362368,9981.6103515625,364173
2010-08-09,9847.450962160268,10008.444282075812,9579.1279296875,9579.1279296875,354831
2010-08-10,9471.798997237624,9525.464274242931,9283.973025559846,9310.8056640625,593557
2010-08-11,9391.302973613003,9471.799225836516,9283.973249625617,9337.6376953125,364141
2010-08-12,9176.644136776431,9337.637469951553,9042.48260949036,9310.8056640625,516439
2010-08-13,9122.98028910701,9283.9736328125,9122.98028910701,9283.9736328125,169233
2010-08-16,9337.636700893889,9579.1279296875,9283.97226092204,9579.1279296875,328490
2010-08-17,9605.960168103824,9793.7861328125,9498.631283302742,9793.7861328125,505254
2010-08-18,9793.786901032408,9793.786901032408,9632.793561202547,9686.4580078125,171998
2010-08-19,9632.793561202547,9686.4580078125,9632.793561202547,9686.4580078125,256583
2010-08-20,9686.458179578533,9954.78125,9659.625539490926,9954.78125,652753
2010-08-23,9874.283796613634,9981.612687761366,9847.45199013351,9927.9482421875,541446
2010-08-24,9927.947655120635,9927.947655120635,9793.7861328125,9793.7861328125,350097
2010-08-25,9632.792220174726,9659.6240234375,9444.966266881234,9659.6240234375,431917
2010-08-26,9659.625368200706,9713.290647424295,9605.960921590753,9686.4580078125,734733
2010-08-27,9686.45819658543,9874.2841796875,9632.793748929646,9874.2841796875,742264
2010-08-30,9981.611321452085,10169.438104170822,9981.611321452085,10142.60546875,292171
2010-08-31,10276.76892201023,10303.6015625,10142.607384788695,10303.6015625,1641338
2010-09-01,10088.942936422814,10303.6015625,9954.78139920128,10303.6015625,534392
2010-09-02,10303.6015625,10303.6015625,10303.6015625,10303.6015625,0
2010-09-03,10303.6015625,10303.6015625,10303.6015625,10303.6015625,0
2010-09-06,10410.929105987712,10410.929105987712,10196.2705078125,10196.2705078125,1011048
2010-09-07,10062.108169392939,10062.108169392939,9981.61109754965,10035.2763671875,326551
2010-09-08,9927.947468246874,10196.2705078125,9927.947468246874,10196.2705078125,586820
2010-09-09,10249.935704838106,10303.600982798333,10142.606814144889,10169.439453125,401922
2010-09-10,10169.439496190327,10196.271302670451,9927.9482421875,9927.9482421875,175906
2010-09-13,10115.772606417302,10115.772606417302,9847.450421295485,10035.2763671875,364141
2010-09-14,9927.948227947847,10169.439481604304,9927.948227947847,10008.4453125,128307
2010-09-15,10142.604483216996,10142.604483216996,9874.28148553512,9981.6103515625,642268
2010-09-16,9820.6181640625,9981.611481325508,9820.6181640625,9820.6181640625,453302
2010-09-17,9874.282812729722,10088.94140625,9820.618372503037,10088.94140625,758278
2010-09-20,10088.942802924288,10088.942802924288,9874.2841796875,9874.2841796875,467664
2010-09-21,10008.445939207102,10008.445939207102,9552.296875,9552.296875,1297214
2010-09-22,9766.95373432915,9766.95373432915,9605.959584298433,9659.6240234375,269420
2010-09-23,9659.6240234375,9659.6240234375,9659.6240234375,9659.6240234375,0
2010-09-24,9901.11585022715,9901.11585022715,9793.7861328125,9793.7861328125,130245
2010-09-27,9740.121098452859,9740.121098452859,9632.792220174726,9659.6240234375,420542
2010-09-28,9605.960168103824,9793.7861328125,9605.960168103824,9793.7861328125,367382
2010-09-29,9686.457992034373,9793.786885079453,9632.793545511833,9766.955078125,193795
2010-09-30,9820.618925560197,9820.618925560197,9605.960319951222,9713.2900390625,819731
2010-10-01,9659.6240234375,9766.95373432915,9632.792220174726,9659.6240234375,170727
2010-10-04,9766.95373432915,9766.95373432915,9632.792220174726,9659.6240234375,950358
2010-10-05,9605.960319951222,9713.2900390625,9605.960319951222,9713.2900390625,677443
2010-10-06,9713.290836720147,9874.2841796875,9713.290836720147,9874.2841796875,1230137
2010-10-07,9874.283212720095,9874.283212720095,9766.954327919015,9793.7861328125,476434
2010-10-08,9793.7861328125,9820.618770319556,9740.12169041196,9793.7861328125,622186
2010-10-11,9659.624610504365,9793.7861328125,9659.624610504365,9793.7861328125,355498
2010-10-12,9713.289295190085,9766.95373432915,9659.6240234375,9659.6240234375,194590
2010-10-13,9659.625352466286,9766.955078125,9632.793545511833,9766.955078125,416030
2010-10-14,9793.786885079453,9793.786885079453,9766.955078125,9766.955078125,236628
2010-10-15,9793.786885079453,9793.786885079453,9713.29063160246,9766.955078125,532485
2010-10-18,9632.7919921875,9686.456430056445,9632.7919921875,9632.7919921875,447964
2010-10-19,9552.29665124327,9605.96109884346,9444.96775604289,9525.46484375,449393
2010-10-20,9525.463885785734,9525.463885785734,9364.4697265625,9364.4697265625,571981
2010-10-21,9391.3037109375,9391.3037109375,9283.973978523507,9391.3037109375,364268
2010-10-22,9444.967419299885,9444.967419299885,9283.973249625617,9337.6376953125,428803
2010-10-25,9122.978743775922,9257.140257111856,9122.978743775922,9149.810546875,542590
2010-10-26,9149.810542699968,9337.636494761868,9149.810542699968,9230.3076171875,366492
2010-10-27,9391.302973613003,9391.302973613003,9203.476997402104,9337.6376953125,294045
2010-10-28,9337.6376953125,9337.6376953125,9203.476997402104,9337.6376953125,194240
2010-10-29,9337.6376953125,9391.302973613003,9337.6376953125,9337.6376953125,221567
2010-11-01,9391.3037109375,9391.3037109375,9310.806619780426,9391.3037109375,409865
2010-11-02,9230.308977948565,9283.973424647129,9176.64453125,9176.64453125,431345
2010-11-03,9176.643182587593,9176.643182587593,9069.314304964251,9149.810546875,496357
2010-11-04,9203.476573315413,9257.141016529491,9122.9794921875,9122.9794921875,349175
2010-11-05,9283.972055974684,9283.972055974684,9122.978739613132,9230.3076171875,329220
2010-11-08,9122.979889560718,9122.979889560718,8988.818359375,8988.818359375,428517
2010-11-09,8988.81678005121,8988.81678005121,8827.822639069369,8854.6552734375,1181649
2010-11-10,8908.31970956029,8908.31970956029,8800.99083731471,8854.6552734375,529752
2010-11-11,8639.997448607792,8720.494526107504,8586.3330078125,8586.3330078125,275298
2010-11-12,8586.332260562516,8693.6611328125,8344.841881693314,8693.6611328125,408054
2010-11-15,8720.495304246535,8720.495304246535,8452.172243713776,8479.0048828125,390546
2010-11-16,8398.507442650493,8398.507442650493,8344.842999338092,8371.6748046875,480597
2010-11-17,8452.171562184829,8505.8360034415,8130.18408203125,8130.18408203125,447964
2010-11-18,8291.178935609687,8318.0107421875,8157.017404879758,8318.0107421875,253373
2010-11-19,8398.507827148182,8398.507827148182,8291.178935609687,8318.0107421875,231989
2010-11-22,8049.687291514821,8532.6689453125,8049.687291514821,8532.6689453125,333478
2010-11-23,8532.66782408729,8854.6552734375,8854.6552734375,8854.6552734375,731619
2010-11-24,8854.6552734375,8854.6552734375,8613.16489457821,8854.6552734375,587329
2010-11-25,8854.655131708514,9042.481071438642,8854.655131708514,9015.6484375,618055
2010-11-26,8881.489497089307,9015.650195096712,8774.159773024314,8827.82421875,286769
2010-11-29,8827.823805589687,9122.9794921875,8774.159362375607,9122.9794921875,687293
2010-11-30,9122.978892813358,9337.636651566796,8881.488497908978,9069.314453125,563370
2010-12-01,9096.14565229679,9096.14565229679,8854.6552734375,8854.6552734375,453302
2010-12-02,8774.15857543026,8854.65564933847,8747.32677253653,8800.9912109375,758024
2010-12-03,8854.655872745054,9230.307783643211,8827.823236560815,8908.3203125,1347451
2010-12-06,8988.817989541094,9015.649794906105,8908.320908218895,8961.9853515625,965610
2010-12-07,8854.656259139369,8908.320701236094,8774.1591796875,8774.1591796875,534169
2010-12-08,8827.823799079051,8827.823799079051,8505.836307418458,8532.6689453125,500075
2010-12-09,8344.844859753946,8774.161334579372,8344.844859753946,8613.16796875,677760
2010-12-10,8800.991817042644,8800.991817042644,8693.662100235631,8774.1591796875,1185398
2010-12-13,9176.643182587593,9203.475818300185,9069.314304964251,9149.810546875,4359404
2010-12-14,9598.7626953125,9598.7626953125,9533.685621161776,9598.7626953125,1383568
2010-12-15,10054.296875,10054.296875,9989.220630298241,10054.296875,3571567
2010-12-16,10347.14122507828,10347.14122507828,9924.144385596484,10054.296875,3312970
2010-12-17,10054.297025688942,10542.3701171875,10021.759319157192,10542.3701171875,6595990
2010-12-20,10542.3686918165,10737.597402452056,10477.292454937982,10574.9072265625,1904587
2010-12-21,10282.06586440579,10509.833175195636,10086.837097706086,10379.6806640625,1810283
2010-12-22,10412.216598006644,10412.216598006644,9924.1435546875,9924.1435546875,1385559
2010-12-23,9924.1435546875,9924.1435546875,9924.1435546875,9924.1435546875,0
2010-12-24,9859.067661461246,9924.14390299843,9598.7626953125,9598.7626953125,942389
2010-12-27,9761.45417987149,9761.45417987149,9598.763970718339,9696.3779296875,459442
2010-12-28,9468.609311369724,9826.52988616447,9468.609311369724,9663.8388671875,803277
2010-12-29,9761.452540247785,9924.1435546875,9501.14758323505,9924.1435546875,1191788
2010-12-30,9631.301368316716,10086.8359375,9631.301368316716,10086.8359375,1510809
2010-12-31,10086.834201053394,10574.9072265625,9924.143192550358,10574.9072265625,1935611
2011-01-03,10574.9072265625,10574.9072265625,10574.9072265625,10574.9072265625,0
2011-01-04,10574.908420943793,10574.908420943793,10249.5263671875,10249.5263671875,661912
2011-01-05,10216.98859006016,10249.527130905748,9924.145052904412,9956.68359375,1267515
2011-01-06,9761.452036312061,10021.7578125,9761.452036312061,10021.7578125,350595
2011-01-07,10086.836473301571,10119.375015377484,9989.2216796875,9989.2216796875,257575
2011-01-10,9989.2216796875,9989.2216796875,9989.2216796875,9989.2216796875,0
2011-01-11,10086.836473301571,10086.836473301571,9924.145428149342,9989.2216796875,532024
2011-01-12,9989.219793940683,10054.296033193868,9924.1435546875,9924.1435546875,253356
2011-01-13,9891.607193255859,10086.8359375,9859.068652908358,10086.8359375,441676
2011-01-14,10086.837097706086,10379.6806640625,10086.837097706086,10379.6806640625,1168520
2011-01-17,10347.141149837102,10347.141149837102,10216.987828766441,10249.5263671875,395952
2011-01-18,10086.835340309353,10314.602611416045,10086.835340309353,10249.5263671875,605995
2011-01-19,10249.525772642432,10314.602013096091,10151.910995655177,10282.0634765625,1050581
2011-01-20,10249.5263671875,10282.064072994986,10216.987828766441,10249.5263671875,532941
2011-01-21,10282.063154719706,10737.59765625,10282.063154719706,10737.59765625,3059692
2011-01-24,11258.2099609375,11258.2099609375,11193.133713476087,11258.2099609375,2895923
2011-01-25,11485.975383449582,11485.975383449582,10900.288418522814,11128.0556640625,1393839
2011-01-26,11128.056190255318,11193.132430256162,11030.442246560811,11160.5947265625,1162913
2011-01-27,11062.981218553263,11258.2099609375,10997.90497109185,11258.2099609375,1767022
2011-01-28,11616.130706680775,11746.283203125,11388.363421596572,11746.283203125,2877712
2011-01-31,11746.283203125,11746.283203125,11746.283203125,11746.283203125,0
2011-02-01,11746.283203125,11746.283203125,11746.283203125,11746.283203125,0
2011-02-02,11746.283203125,11746.283203125,11746.283203125,11746.283203125,0
2011-02-03,11746.283203125,11746.283203125,11746.283203125,11746.283203125,0
2011-02-04,11746.283203125,11746.283203125,11746.283203125,11746.283203125,0
2011-02-07,11746.283203125,11746.283203125,11746.283203125,11746.283203125,0
2011-02-08,11843.897470087526,12331.9697265625,11746.282685747097,12331.9697265625,3194899
2011-02-09,12852.580051091549,12917.656294062852,12039.12576502993,12364.5078125,2719604
2011-02-10,12364.50833961266,12494.660831103809,12039.126278271191,12266.8935546875,2206000
2011-02-11,12331.970412725133,12331.970412725133,12006.589167841823,12104.203125,1386555
2011-02-14,12201.816983658397,12201.816983658397,11551.0537109375,11551.0537109375,1522994
2011-02-15,11225.669642666428,11681.2041015625,11193.131110196671,11681.2041015625,1273279
2011-02-16,11583.59232907449,11843.898158235255,11485.9775390625,11485.9775390625,1137915
2011-02-17,11290.746493959221,11485.975201640076,11225.670258065602,11453.4375,928580
2011-02-18,11388.36328125,11420.900988653259,11258.20995379612,11388.36328125,2078418
2011-02-21,11062.981148159977,11062.981148159977,10835.2138671875,10835.2138671875,1755257
2011-02-22,10379.6806640625,10639.986518942489,10379.6806640625,10379.6806640625,1230569
2011-02-23,10412.217041456885,10802.675326218887,10412.217041456885,10705.060546875,889537
2011-02-24,10477.29455676513,10574.909347971936,10184.451015758355,10314.603515625,1431021
2011-02-25,10542.370191447986,10542.370191447986,10282.064374292442,10477.2939453125,720659
2011-02-28,10509.83157804216,10835.213639041198,10412.21762583332,10542.3701171875,1148082
2011-03-01,10542.368627409347,10672.521100371236,10477.292390928404,10639.9833984375,380178
2011-03-02,10412.217394065647,10574.908420943793,10151.911584537898,10249.5263671875,858146
2011-03-03,10086.8359375,10249.526974010261,10086.8359375,10086.8359375,1354666
2011-03-04,10086.8357870288,10249.526821112106,10021.759539918201,10216.98828125,422732
2011-03-07,10151.911002277038,10412.216796875,10151.911002277038,10412.216796875,489916
2011-03-08,10444.754500816292,10737.597999355545,10379.678260320183,10412.216796875,733839
2011-03-09,10444.755099873133,10444.755099873133,10184.450122958957,10249.5263671875,705697
2011-03-10,10184.449538831856,10574.907814422035,10184.449538831856,10412.216796875,1994856
2011-03-11,10444.756919629068,10639.986518942489,10249.528152929364,10379.6806640625,1854880
2011-03-14,10509.831420525887,10509.831420525887,10054.296875,10054.296875,1684875
2011-03-15,9826.530727125477,10054.2971740494,9793.9921875,9793.9921875,1578885
2011-03-16,9826.531262669128,10021.7600132211,9696.3779296875,9696.3779296875,1734949
2011-03-17,9924.145142024148,9989.22139168608,9761.4541015625,9761.4541015625,1824904
2011-03-18,9891.606607623722,10249.5263671875,9793.991824974119,10249.5263671875,3675566
2011-03-21,10705.060546875,10737.598251580599,10477.293283481627,10705.060546875,3892553
2011-03-22,10542.37080669845,10639.985597905259,10314.603515625,10314.603515625,1691426
2011-03-23,10347.140549629685,10379.678253549753,10151.910995655177,10282.0634765625,2051586
2011-03-24,10249.526441718854,10282.064147762943,10054.296875,10054.296875,1405133
2011-03-25,9989.221149071118,10151.91218558138,9989.221149071118,10086.8359375,1164904
2011-03-28,10086.8359375,10151.91218558138,10021.759689418619,10086.8359375,1032736
2011-03-29,10249.526974010261,10379.679470173021,10021.759689418619,10086.8359375,1234578
2011-03-30,10021.760221763412,10054.29793122566,9924.145428149342,9989.2216796875,2006621
2011-03-31,9956.68240881388,10151.9111328125,9956.68240881388,10151.9111328125,1562062
2011-04-01,10086.836473301571,10086.836473301571,9956.683970225255,9989.2216796875,879842
2011-04-04,9924.144150586075,9989.220393746784,9793.991664264657,9891.6064453125,1198418
2011-04-05,9891.606898753733,9924.14460551887,9826.530652609865,9859.068359375,912674
2011-04-06,9924.144900989739,10184.45072592888,9891.607193255859,10086.8359375,1175438
2011-04-07,9989.221301981952,10086.836091905081,9956.68359375,9956.68359375,513315
2011-04-08,9891.605851367662,9956.682090620847,9891.605851367662,9924.1435546875,629211
2011-04-11,9924.1435546875,9924.1435546875,9924.1435546875,9924.1435546875,0
2011-04-12,9924.1435546875,9924.1435546875,9924.1435546875,9924.1435546875,0
2011-04-13,9924.145142024148,9924.145142024148,9761.4541015625,9761.4541015625,1526531
2011-04-14,9761.45372288691,9826.530802637952,9728.916015625,9728.916015625,1466055
2011-04-15,9728.914644026434,9761.452346701126,9566.2236328125,9566.2236328125,962722
2011-04-18,9566.2237565829,9566.2237565829,9305.91796875,9305.91796875,1267803
2011-04-19,9305.91752054549,9468.608526028615,9305.91752054549,9338.4560546875,1002472
2011-04-20,9370.995050188068,9436.0712890625,9338.456514444102,9436.0712890625,1322174
2011-04-21,9436.0712789732,9436.0712789732,9305.91796875,9305.91796875,715288
2011-04-22,9305.918104508413,9338.456640692275,9175.765625,9175.765625,422208
2011-04-25,9403.532290358056,9403.532290358056,9273.379819016942,9338.4560546875,714659
2011-04-26,9240.841478304865,9305.917715337604,9143.2275390625,9143.2275390625,473539
2011-04-27,9273.379947509758,9273.379947509758,9143.22747436524,9208.3037109375,691076
2011-04-28,9143.228969601552,9208.305216816043,9110.6904296875,9110.6904296875,352691
2011-04-29,9110.690281130752,9273.381312820986,9110.690281130752,9240.8427734375,819549
2011-05-02,9240.8427734375,9240.8427734375,9240.8427734375,9240.8427734375,0
2011-05-03,9240.8427734375,9240.8427734375,9240.8427734375,9240.8427734375,0
2011-05-04,9273.381312820986,9273.381312820986,9208.305066667612,9240.8427734375,467486
2011-05-05,9175.765625,9273.380400938067,9175.765625,9175.765625,427134
2011-05-06,9110.689327215176,9370.9951171875,9110.689327215176,9370.9951171875,652872
2011-05-09,9370.995040168353,9370.995040168353,9273.380265654327,9305.91796875,327039
2011-05-10,9175.7654911403,9338.456504459176,9175.7654911403,9305.91796875,508756
2011-05-11,9175.765625,9208.304161183862,9143.227921429654,9175.765625,422968
2011-05-12,9240.841478304865,9240.841478304865,9110.68900423939,9143.2275390625,371505
2011-05-13,9143.2275390625,9143.2275390625,9110.68900423939,9143.2275390625,535011
2011-05-16,9598.7626953125,9598.7626953125,9468.60937962459,9598.7626953125,1262405
2011-05-17,10054.296875,10054.296875,10054.296875,10054.296875,482448
2011-05-18,10542.371719285778,10542.371719285778,10054.298553615943,10379.6806640625,5884318
2011-05-19,10314.602684694231,10314.602684694231,10119.373950621633,10184.4501953125,1673608
2011-05-20,9859.068892362218,9989.22139168608,9696.377851900568,9761.4541015625,1685295
2011-05-23,9761.452472997447,9761.452472997447,9273.380265654327,9305.91796875,982139
2011-05-24,9045.61334524998,9045.61334524998,8850.3837890625,8850.3837890625,1994568
2011-05-25,8427.3896484375,8459.928192457475,8427.3896484375,8427.3896484375,1572858
2011-05-26,8036.930957555754,8817.84765625,8036.930957555754,8817.84765625,1861693
2011-05-27,9110.690281130752,9240.8427734375,8850.384463903658,9240.8427734375,908246
2011-05-30,9305.917349006326,9305.917349006326,8785.306640625,8785.306640625,563573
2011-05-31,8622.617326658394,9110.6904296875,8492.464832229409,9110.6904296875,820624
2011-06-01,9110.68913445888,9566.2236328125,8947.998123244946,9566.2236328125,1608022
2011-06-02,9598.76235842158,9989.219793940683,9598.76235842158,9924.1435546875,1856583
2011-06-03,10086.833877897296,10086.833877897296,9468.6083984375,9468.6083984375,1759449
2011-06-06,9143.227164127506,9598.761637290112,9143.227164127506,9533.6845703125,835743
2011-06-07,9761.454013903744,9956.68359375,9728.916305671792,9956.68359375,1257427
2011-06-08,9793.992963438177,9956.684009227702,9501.1494140625,9501.1494140625,932248
2011-06-09,9501.14686943714,9696.375572529638,9501.14686943714,9533.6845703125,374833
2011-06-10,9566.2236328125,9761.452346701126,9533.685097524316,9566.2236328125,585426
2011-06-13,9566.223103801307,9566.223103801307,9468.608335948335,9533.6845703125,449695
2011-06-14,9501.146932141048,9761.451871315623,9436.070697347404,9468.6083984375,584823
2011-06-15,9273.379947509758,9436.070955247145,9208.3037109375,9208.3037109375,741569
2011-06-16,9273.379819016942,9436.070824500068,9240.841284874932,9338.4560546875,279166
2011-06-17,9403.533093675724,9403.533093675724,8980.537109375,8980.537109375,1821655
2011-06-20,8980.537040519115,9175.76576271177,8980.537040519115,9045.61328125,273847
2011-06-21,9078.152103346474,9436.072720367054,9078.152103346474,9403.5341796875,728153
2011-06-22,9436.072720367054,9501.148969112533,9305.919390262467,9403.5341796875,481400
2011-06-23,9273.380013127975,9338.456250160712,9143.2275390625,9143.2275390625,405857
2011-06-24,9143.228128756366,9208.304369986206,8980.537109375,8980.537109375,641343
2011-06-27,9175.765241272127,9175.765241272127,9013.074232383544,9143.2275390625,475478
2011-06-28,9045.6136617601,9175.766148696825,9045.6136617601,9078.1513671875,193246
2011-06-29,9078.151889773448,9110.6904296875,9078.151889773448,9110.6904296875,369435
2011-06-30,9110.689977597207,9175.76622158249,9013.0751953125,9013.0751953125,355652
2011-07-01,9078.1513671875,9143.228443269425,8980.537418291737,9078.1513671875,256998
2011-07-04,9175.76576271177,9175.76576271177,8980.537040519115,9045.61328125,294468
2011-07-05,9045.614034977378,9273.381312820986,9045.614034977378,9240.8427734375,757343
2011-07-06,9240.841478304865,9240.841478304865,9143.2275390625,9143.2275390625,331493
2011-07-07,9240.841478304865,9240.841478304865,9110.68900423939,9143.2275390625,358141
2011-07-08,9143.228443269425,9143.228443269425,9078.1513671875,9078.1513671875,524347
2011-07-11,9078.150469416281,9175.765241272127,9078.150469416281,9143.2275390625,828956
2011-07-12,9175.766676901992,9175.766676901992,9078.151889773448,9110.6904296875,418120
2011-07-13,9110.6904296875,9208.305216816043,9110.6904296875,9110.6904296875,614275
2011-07-14,9143.227669747064,9566.2236328125,9143.227669747064,9566.2236328125,1347486
2011-07-15,9566.2237565829,9631.29999538775,9305.91796875,9305.91796875,1174861
2011-07-18,9365.790003496433,9766.66015625,9365.790003496433,9766.66015625,562006
2011-07-19,9766.66015625,9839.545487184536,9657.332159848196,9766.66015625,236107
2011-07-20,9766.659048587788,10094.643833209211,9766.659048587788,10058.201171875,1321307
2011-07-21,10459.071850084445,10459.071850084445,10167.529710883095,10386.1865234375,1619599
2011-07-22,10386.185816516283,10386.185816516283,10203.9716796875,10203.9716796875,774811
2011-07-25,10058.201036315284,10203.9716796875,10058.201036315284,10203.9716796875,505787
2011-07-26,10131.087059718842,10203.972386453264,9985.31640625,9985.31640625,428932
2011-07-27,10021.757021268277,10276.8564453125,9912.429053512209,10276.8564453125,1066249
2011-07-28,10276.859092506624,10495.515084341885,10203.972929281255,10313.3017578125,1860315
2011-07-29,10240.416015625,10313.301343307397,10203.97251917022,10240.416015625,830984
2011-08-01,10240.416436730698,10349.744432750073,10167.5302734375,10167.5302734375,820479
2011-08-02,10131.0869140625,10203.972239749037,10094.644251219232,10131.0869140625,477057
2011-08-03,10131.087061476846,10131.087061476846,9766.65959512793,9839.544921875,875576
2011-08-04,9839.544920167586,10131.087059718842,9839.544920167586,9985.31640625,1140904
2011-08-05,9875.98716960915,9985.315987742128,9875.98716960915,9912.4306640625,580535
2011-08-08,9875.98786789552,9912.431364925624,9803.1025390625,9803.1025390625,594245
2011-08-09,9730.218077181225,9730.218077181225,9475.118570922978,9548.00390625,820245
2011-08-10,9693.773996578448,9766.659321281893,9620.888671875,9620.888671875,734524
2011-08-11,9548.002925764084,9693.7744140625,9548.002925764084,9693.7744140625,343094
2011-08-12,9693.774545812972,9803.1025390625,9693.774545812972,9803.1025390625,335117
2011-08-15,9803.102821717268,9803.102821717268,9730.217490782732,9766.66015625,171255
2011-08-16,9657.332159848196,9803.102821717268,9657.332159848196,9766.66015625,288840
2011-08-17,9766.65836831532,10021.7578125,9766.65836831532,10021.7578125,955822
2011-08-18,10021.758925532695,10131.0869140625,9985.316262689426,10131.0869140625,1233106
2011-08-19,9985.315707692738,10058.201029328216,9875.986892626011,9948.873046875,723692
2011-08-22,10021.758368510478,10058.201029328216,9948.873046875,9948.873046875,912470
2011-08-23,9839.544921875,9912.43108123564,9839.544921875,9839.544921875,464611
2011-08-24,9839.545487184536,9948.874316199957,9766.66015625,9766.66015625,831803
2011-08-25,9766.65959512793,9875.987585248535,9766.65959512793,9839.544921875,285705
2011-08-26,9839.545203479009,9875.98786789552,9803.1025390625,9803.1025390625,557140
2011-08-29,9839.545615308201,9912.431779805427,9766.660283424602,9875.98828125,929526
2011-08-30,10021.758368510478,10094.643690145955,9948.873046875,9948.873046875,1212518
2011-08-31,9948.872494908224,10094.643130091776,9912.429836112336,10021.7578125,1282868
2011-09-01,10094.645453371613,10495.515625,10094.645453371613,10495.515625,3883347
2011-09-02,10495.515625,10495.515625,10495.515625,10495.515625,0
2011-09-05,10750.61457409664,10750.61457409664,10240.416427200746,10313.3017578125,1145770
2011-09-06,10203.97251917022,10313.301343307397,10167.529855329021,10240.416015625,756376
2011-09-07,10349.744423118378,10386.187088424254,10276.859092506624,10313.3017578125,838096
2011-09-08,10386.186670989795,10459.071998672192,10240.416015625,10240.416015625,1966203
2011-09-09,10203.9716796875,10240.415173144067,10167.529018844447,10203.9716796875,898012
2011-09-12,10094.643690145955,10203.97167259917,9912.430386057262,9948.873046875,1004321
2011-09-13,9985.315849206578,10203.971817211845,9985.315849206578,10058.201171875,832388
2011-09-14,9985.316407982707,10131.087061476846,9839.544921875,9839.544921875,1189520
2011-09-15,9839.544921875,9839.544921875,9693.774268380861,9839.544921875,730149
2011-09-16,9839.544645985341,9948.87346565406,9620.888671875,9620.888671875,564603
2011-09-19,9693.774266698743,9985.31640625,9693.774266698743,9985.31640625,434641
2011-09-20,9912.430943830406,9912.430943830406,9730.216796875,9730.216796875,670304
2011-09-21,9730.216796875,9839.54478548011,9693.774134006631,9730.216796875,315067
2011-09-22,9693.774951541005,9912.431779805427,9693.774951541005,9875.98828125,471395
2011-09-23,9730.217361213985,9803.102691177972,9657.33203125,9657.33203125,710240
2011-09-26,9693.773996578448,9693.773996578448,9584.446009523275,9620.888671875,599088
2011-09-27,9657.331750141291,9839.545069747333,9657.331750141291,9693.7744140625,718569
2011-09-28,10167.5302734375,10167.5302734375,10131.087608097709,10167.5302734375,1688335
2011-09-29,10203.972386453264,10203.972386453264,9912.431079515578,9985.31640625,1254208
2011-09-30,9912.430386057262,10021.758368510478,9875.986892626011,9948.873046875,435741
2011-10-03,9948.873744609175,9948.873744609175,9839.544921875,9839.544921875,1027880
2011-10-04,9766.65945974337,9839.54478548011,9657.33147113826,9730.216796875,675334
2011-10-05,9730.217077983709,9803.102405826125,9657.331750141291,9693.7744140625,885332
2011-10-06,9693.774134006631,9766.65945974337,9657.33147113826,9730.216796875,932614
2011-10-07,9730.217361213985,9766.66002619598,9657.33203125,9657.33203125,595134
2011-10-10,9730.217077983709,9730.217077983709,9620.889086220084,9693.7744140625,356570
2011-10-11,9693.773996578448,9693.773996578448,9584.446009523275,9620.888671875,682586
2011-10-12,9620.890074190691,9620.890074190691,9548.00390625,9548.00390625,727342
2011-10-13,9548.002231584174,9548.002231584174,9329.346263954132,9511.5595703125,816853
2011-10-14,9511.560129619713,9657.331615891715,9511.560129619713,9584.4462890625,794885
2011-10-17,9584.447406527179,9584.447406527179,9511.561238586488,9548.00390625,361600
2011-10-18,9475.11648777643,9511.55914742786,9438.673828125,9438.673828125,895673
2011-10-19,9438.675370273813,9438.675370273813,9329.347373456843,9365.7900390625,626601
2011-10-20,9365.7900390625,9402.232704668157,9292.904707851187,9365.7900390625,553771
2011-10-21,9365.789606158041,9693.7744140625,9365.789606158041,9693.7744140625,840272
2011-10-24,9693.774696231992,9693.774696231992,9620.889366268006,9657.33203125,325173
2011-10-25,9693.774279306323,9693.774279306323,9584.4462890625,9584.4462890625,383943
2011-10-26,9584.446701286013,9657.33203125,9548.003203690412,9657.33203125,449099
2011-10-27,9584.446701286013,9657.33203125,9584.446701286013,9657.33203125,289332
2011-10-28,9657.33203125,9693.774696231992,9548.003203690412,9657.33203125,697793
2011-10-31,9730.218077181225,9766.660744844736,9548.00390625,9548.00390625,320541
2011-11-01,9584.44572546937,9584.44572546937,9475.116909040828,9511.5595703125,273352
2011-11-02,9548.00307991325,9548.00307991325,9402.232421875,9402.232421875,295110
2011-11-03,9402.23228885697,9438.674952850959,9256.460800267425,9292.904296875,513460
2011-11-04,9511.559418377861,9511.559418377861,9256.4599609375,9256.4599609375,382305
2011-11-07,9147.131970753879,9256.459952725538,9001.361328125,9001.361328125,381440
2011-11-08,9110.69101721522,9110.69101721522,8819.148844716148,8892.0341796875,995712
2011-11-09,8892.034929604592,8892.034929604592,8564.050061958971,8673.37890625,764049
2011-11-10,8673.37765666488,8673.37765666488,8564.048828125,8564.048828125,803986
2011-11-11,8491.162109375,8673.37623874408,8308.947980005918,8491.162109375,395290
2011-11-14,8418.277623895636,8418.277623895636,8236.063476491394,8381.8349609375,743508
2011-11-15,8454.720286853772,8454.720286853772,8272.50613944953,8381.8349609375,1482595
2011-11-16,8381.834552676155,8709.8193359375,8381.834552676155,8709.8193359375,830048
2011-11-17,8892.032504369638,8892.032504369638,8746.26186189109,8855.58984375,912120
2011-11-18,8892.032784472694,8892.032784472694,8673.376813867111,8819.1474609375,912400
2011-11-21,8709.819046909815,8819.147026831137,8600.490234375,8600.490234375,469734
2011-11-22,8819.1474609375,8819.1474609375,8819.1474609375,8819.1474609375,0
2011-11-23,8673.376674754409,8746.261997120591,8600.490519774705,8709.8193359375,533510
2011-11-24,8746.261997120591,8819.147319486776,8709.8193359375,8709.8193359375,598620
2011-11-25,8709.819046909815,8709.819046909815,8600.490234375,8600.490234375,285261
2011-11-28,8564.047708191782,8746.261843520759,8454.7197265625,8454.7197265625,505459
2011-11-29,8454.719002537458,8564.046974804374,8236.062225390195,8272.5048828125,945060
2011-11-30,8308.948950393164,8381.835110221127,8090.29296875,8090.29296875,669625
2011-12-01,8199.62095957158,8236.063623178776,8017.407641535612,8090.29296875,769267
2011-12-02,8126.735765342919,8199.62109375,8053.850436935837,8199.62109375,800827
2011-12-05,8199.619567967891,8308.947540234805,8199.619567967891,8272.5048828125,762599
2011-12-06,8236.063623178776,8272.506286785969,8090.29296875,8090.29296875,947587
2011-12-07,8126.735211725372,8126.735211725372,8017.4072265625,8017.4072265625,338368
2011-12-08,8017.40829697616,8053.8509635626215,7798.75146484375,7798.75146484375,1176863
2011-12-09,7835.192862062014,7835.192862062014,7652.978726036312,7689.42138671875,590993
2011-12-12,7616.536484152513,7689.421809525023,7470.765833407496,7507.20849609375,814116
2011-12-13,7507.20849609375,7543.651158780005,7434.323170721241,7507.20849609375,767535
2011-12-14,7470.765832375973,7507.208495057196,7361.43701171875,7361.43701171875,801529
2011-12-15,7361.436590725455,7361.436590725455,7215.665948337044,7288.55126953125,1544523
2011-12-16,7324.994680596996,7652.9794921875,7324.994680596996,7652.9794921875,1456392
2011-12-19,7652.97894412586,8017.4072265625,7652.97894412586,8017.4072265625,2047784
2011-12-20,8017.40808574797,8053.850751374305,7762.30859375,7762.30859375,582009
2011-12-21,7762.3074833472365,7944.52078541319,7762.3074833472365,7908.078125,478157
2011-12-22,7908.079348601299,7908.079348601299,7543.65185546875,7543.65185546875,1021610
2011-12-23,7288.551757427623,7470.765905224078,7252.109094391045,7434.3232421875,979054
2011-12-26,7434.322596235841,7470.765256105999,7179.22314453125,7179.22314453125,802933
2011-12-27,7179.223988557377,7215.66665271192,7069.89599609375,7069.89599609375,1003292
2011-12-28,7069.896047008506,7397.880859375,7069.896047008506,7397.880859375,538236
2011-12-29,7507.208834864428,7652.9794921875,7288.552016266228,7652.9794921875,798768
2011-12-30,7652.979342805989,7944.521484375,7470.766024708842,7944.521484375,1143150
2012-01-02,7944.521484375,7944.521484375,7944.521484375,7944.521484375,0
2012-01-03,7871.63638841619,7871.63638841619,7580.09423828125,7580.09423828125,482999
2012-01-04,7434.323523791989,7434.323523791989,7324.994697927428,7397.880859375,415082
2012-01-05,7288.551686356304,7434.3231696947505,7288.551686356304,7361.43701171875,386516
2012-01-06,7361.436161227269,7361.436161227269,7179.22286887287,7215.66552734375,697513
2012-01-09,7215.666431354466,7470.765905224078,7215.666431354466,7434.3232421875,860930
2012-01-10,7361.437012735177,7543.651158780005,7361.437012735177,7507.20849609375,982236
2012-01-11,7652.979146838768,7689.421809525023,7507.20849609375,7507.20849609375,1365173
2012-01-12,7543.651499195196,7798.750982124165,7543.651499195196,7652.9794921875,1690792
2012-01-13,7652.978726036312,7762.307540697137,7652.978726036312,7689.42138671875,1108735
2012-01-16,7762.308517123079,8017.408006602792,7725.865851856493,7835.19384765625,1206622
2012-01-17,7871.636798016672,7908.079464603134,7798.75146484375,7798.75146484375,1028208
2012-01-18,7835.192804173618,7908.078125,7798.750143760427,7908.078125,482181
2012-01-19,7908.077475976017,8272.5048828125,7908.077475976017,8272.5048828125,1134985
2012-01-20,8381.834682004612,8491.162667240776,8272.505864154915,8418.27734375,1595572
2012-01-23,8418.27734375,8418.27734375,8418.27734375,8418.27734375,0
2012-01-24,8418.27734375,8418.27734375,8418.27734375,8418.27734375,0
2012-01-25,8418.27734375,8418.27734375,8418.27734375,8418.27734375,0
2012-01-26,8418.27734375,8418.27734375,8418.27734375,8418.27734375,0
2012-01-27,8418.27734375,8418.27734375,8418.27734375,8418.27734375,0
2012-01-30,8381.834687112798,8819.1474609375,8381.834687112798,8819.1474609375,1880038
2012-01-31,9001.363014758192,9110.69101721522,8855.591512201825,8892.0341796875,1847167
2012-02-01,8892.034929604592,8892.034929604592,8527.607391399872,8673.37890625,2193561
2012-02-02,8928.47558830908,9074.2470703125,8819.147601266674,9074.2470703125,1929192
2012-02-03,9110.690726732375,9475.11822258349,8928.4765625,8928.4765625,1458849
2012-02-06,8928.475164989273,8928.475164989273,8782.704522510727,8855.58984375,946698
2012-02-07,8928.4765625,9037.80539408488,8746.263230881263,8928.4765625,1174687
2012-02-08,8928.47599170793,9292.904296875,8928.47599170793,9292.904296875,1874704
2012-02-09,9256.460521102335,9475.117331085403,9147.132532417583,9183.5751953125,960642
2012-02-10,9110.689592459166,9183.574916032501,8964.9189453125,8964.9189453125,2163170
2012-02-13,8782.704799169902,9110.689587691812,8746.262137402306,8819.1474609375,1576177
2012-02-14,8819.147733749764,9183.5751953125,8819.147733749764,9183.5751953125,1041848
2012-02-15,9256.461090229785,9329.347253114538,9110.6904296875,9110.6904296875,1238323
2012-02-16,8964.919769145215,9256.461090229785,8964.919769145215,9110.6904296875,1089340
2012-02-17,9183.575472279445,9365.78962486298,9183.575472279445,9292.904296875,1211371
2012-02-20,9438.674661314484,9730.216796875,9438.674661314484,9730.216796875,1484631
2012-02-21,10167.53001584119,10167.53001584119,9766.65987464599,9803.1025390625,2118415
2012-02-22,9948.873872281829,10240.416015625,9839.545048144651,10240.416015625,2434347
2012-02-23,10203.972374206567,10386.1865234375,10094.64438423615,10386.1865234375,2463592
2012-02-24,10499.684936709176,10724.678454614976,10312.1910524067,10537.1845703125,1856011
2012-02-27,10499.68542463538,10649.681395790585,10387.189088826126,10612.1826171875,1549740
2012-02-28,10537.183934006684,10537.183934006684,10312.1904296875,10312.1904296875,2786028
2012-02-29,10162.196649697158,10387.190202174408,10124.697867074776,10199.6962890625,2053328
2012-03-01,10199.695430300013,10649.681640625,10162.19579409195,10649.681640625,2155052
2012-03-02,10649.681278797809,11024.669917452056,10649.681278797809,10874.6748046875,1769354
2012-03-05,11062.169300763107,11399.6591796875,11062.169300763107,11399.6591796875,3808481
2012-03-06,11887.14518824711,11887.14518824711,10837.1767578125,10837.1767578125,2739471
2012-03-07,10687.180778183032,10837.1767578125,10499.686017831926,10837.1767578125,2346778
2012-03-08,10574.682708602752,10874.67376211407,10312.1904296875,10312.1904296875,2361587
2012-03-09,10312.192373344431,10499.686281663893,10087.198826618138,10462.1875,2266719
2012-03-12,10237.194963180096,10312.192527629955,10049.7001953125,10049.7001953125,1244803
2012-03-13,10274.692135725201,10274.692135725201,10087.197397231379,10237.193359375,856953
2012-03-14,10424.689213131225,10424.689213131225,10237.195295912594,10387.1904296875,1707519
2012-03-15,10424.687867429211,10649.681395790585,10237.193974413789,10612.1826171875,1991143
2012-03-16,10687.180685032752,10687.180685032752,10124.697265625,10124.697265625,2735260
2012-03-19,10237.193974413789,10612.1826171875,10237.193974413789,10612.1826171875,3017316
2012-03-20,10649.681052744821,11137.166015625,10649.681052744821,11137.166015625,4256762
2012-03-21,11137.165406973852,11437.156466483484,11137.165406973852,11174.6650390625,2534784
2012-03-22,11174.66650199001,11437.157963774971,11137.16686499211,11249.6640625,3305478
2012-03-23,11249.663944945485,11362.160284534924,11099.66796875,11099.66796875,2398856
2012-03-26,11099.667724349974,11174.666139167799,10987.171387237553,11062.1689453125,1767693
2012-03-27,11062.16831318973,11062.16831318973,10687.1796875,10687.1796875,1526181
2012-03-28,10687.180056988947,10874.6748046875,10537.184944224391,10874.6748046875,1675280
2012-03-29,11024.671041788259,11137.167387834463,10762.1787109375,10762.1787109375,1350598
2012-03-30,10837.176026496361,10874.6748046875,10687.180056988947,10874.6748046875,1432973
2012-04-02,10874.6748046875,10874.6748046875,10874.6748046875,10874.6748046875,0
2012-04-03,10799.676634280399,11024.670165226722,10799.676634280399,10912.173828125,750737
2012-04-04,10987.171880699052,11024.670661420689,10837.1767578125,10837.1767578125,759464
2012-04-05,10799.677120347946,10912.174319255775,10799.677120347946,10837.1767578125,540950
2012-04-06,10837.177373971635,10949.673722532649,10799.677734375,10799.677734375,606949
2012-04-09,10874.676156825306,10874.676156825306,10724.680168667659,10799.677734375,1072332
2012-04-10,10799.676875335987,11024.670411304309,10799.676875335987,10949.6728515625,1205335
2012-04-11,10987.171629160559,11099.66796875,10912.174069434264,11099.66796875,1837458
2012-04-12,11212.1653911224,11624.652834675762,11174.666610503267,11549.6552734375,3516038
2012-04-13,11587.15308164596,11774.64696900686,11437.157115014397,11699.6494140625,2116964
2012-04-16,11774.646754122794,12262.132565850337,11699.64920054712,12224.6337890625,1832498
2012-04-17,12262.132833363052,12824.6162109375,12224.634055757135,12824.6162109375,2666337
2012-04-18,12712.11987387064,13124.608168683502,12449.628413026152,12674.62109375,2880640
2012-04-19,12674.62035726257,12787.117547830494,12449.62768961243,12562.1240234375,2444220
2012-04-20,12674.62072745013,12674.62072745013,12262.133301301166,12337.130859375,1317306
2012-04-23,12299.630859375,12449.626817375705,12262.13208406052,12299.630859375,946371
2012-04-24,12337.130119426012,12337.130119426012,12112.13660195616,12224.6337890625,1506388
2012-04-25,12412.127673001689,12412.127673001689,12149.636235486825,12224.6337890625,1310802
2012-04-26,12337.133824067465,12337.133824067465,12187.138671875,12187.138671875,1187134
2012-04-27,12374.6298828125,12524.625858665486,12224.63476370241,12374.6298828125,1375046
2012-04-30,12374.6298828125,12374.6298828125,12374.6298828125,12374.6298828125,0
2012-05-01,12374.6298828125,12374.6298828125,12374.6298828125,12374.6298828125,0
2012-05-02,12449.628299110442,12449.628299110442,12224.63476370241,12374.6298828125,779280
2012-05-03,12374.628410003956,12374.628410003956,12149.635758117087,12299.630859375,632239
2012-05-04,12224.63596549257,12674.622223803379,12224.63596549257,12412.1298828125,1376169
2012-05-07,12637.1220703125,12712.11962910977,12487.12695271796,12637.1220703125,1486105
2012-05-08,12712.11962910977,12899.61438284583,12637.1220703125,12637.1220703125,1876178
2012-05-09,12599.622688559151,12974.61132136117,12599.622688559151,12824.6162109375,2367998
2012-05-10,13049.609735080172,13462.098029367715,12974.612174934402,13237.1044921875,3434247
2012-05-11,13312.10072936245,13874.584088041334,13237.103176670016,13612.091796875,3665371
2012-05-14,13687.091174033367,14287.073389035075,13687.091174033367,13874.5859375,3653627
2012-05-15,13874.58521110296,13949.582769865981,13199.60546875,13199.60546875,3535667
2012-05-16,13237.105014285744,13274.603795837658,12637.12279596926,12749.619140625,2460527
2012-05-17,12749.621349339828,12974.61493437161,12187.138671875,12187.138671875,3706267
2012-05-18,12037.139402892233,12224.63414909625,11587.153211442588,11999.640625,2711116
2012-05-21,12187.134533431565,12449.626817375705,11924.642249487424,12299.630859375,1113157
2012-05-22,12187.135371204016,12262.13292698848,11887.144291323302,11999.640625,1020347
2012-05-23,11812.147475839574,11887.14503632435,11399.6591796875,11399.6591796875,1972380
2012-05-24,11287.162727143534,11399.659066756247,10874.675291820691,10949.6728515625,2911802
2012-05-25,11362.16003272336,11474.6572265625,11137.166501787953,11474.6572265625,1609258
2012-05-28,11587.153563658763,11812.14709459417,11399.658811755446,11474.6572265625,938907
2012-05-29,11474.6567256673,11474.6567256673,11062.16846083464,11137.166015625,1895292
2012-05-30,10987.171030083971,11587.15318866603,10987.171030083971,11287.162109375,1004742
2012-05-31,11324.661255317693,11324.661255317693,11062.1689453125,11062.1689453125,938720
2012-06-01,11137.166748613146,11212.165165082337,11062.169188886852,11099.66796875,471887
2012-06-04,10912.173450106764,11062.168561046281,10574.68359375,10574.68359375,2503083
2012-06-05,10574.684800860492,10762.1787109375,10462.187598071341,10762.1787109375,1568901
2012-06-06,10799.676395895043,11099.667478287365,10724.678839482676,11024.669921875,823521
2012-06-07,11324.660887193522,11512.155633028986,11174.665775919433,11287.162109375,1331998
2012-06-08,11399.658442830567,11512.155633028986,11212.164553737955,11287.162109375,2099628
2012-06-11,11212.165165082337,11287.162724808632,10874.675289571118,11099.66796875,2739892
2012-06-12,11249.663447854957,11249.663447854957,11024.669921875,11024.669921875,1352680
2012-06-13,11137.166748613146,11174.66638521919,10987.171629160559,11099.66796875,581518
2012-06-14,10949.6728515625,11099.667971046116,10949.6728515625,10949.6728515625,771770
2012-06-15,11137.166623436258,11437.157715712561,10949.672726227873,11212.1650390625,3469972
2012-06-18,11437.157715129531,11437.157715129531,11212.165038490939,11362.16015625,1160088
2012-06-19,11362.159782473505,11362.159782473505,11024.669921875,11024.669921875,918904
2012-06-20,11099.666631627997,11249.66258975421,10987.170305590433,11174.6650390625,335023
2012-06-21,11362.160156829208,11362.160156829208,11174.666259620823,11212.1650390625,1319669
2012-06-22,11249.663944945485,11249.663944945485,11099.66796875,11099.66796875,986119
2012-06-25,11024.669921875,11212.164669648773,10949.672365462633,11024.669921875,819356
2012-06-26,11024.67128823999,11024.67128823999,10799.677734375,10799.677734375,1172160
2012-06-27,10949.673722532649,10949.673722532649,10799.677734375,10799.677734375,586758
2012-06-28,10949.6728515625,10987.171631433404,10799.676875335987,10949.6728515625,1307269
2012-06-29,11212.164918205272,11212.164918205272,10987.171387237553,11062.1689453125,1668847
2012-07-02,10949.673094297812,11212.165415956038,10912.174313595626,10987.171875,1003268
2012-07-03,10874.674418799787,10949.671972520777,10537.1845703125,10537.1845703125,1207488
2012-07-04,10574.683347172995,10687.17967775448,10499.684936709176,10537.1845703125,486205
2012-07-05,10649.682125157458,10724.6796875,10499.686143729448,10724.6796875,609569
2012-07-06,10724.67846439469,10799.676018184071,10574.68335681593,10687.1796875,344217
2012-07-09,10574.683961697185,10687.180298816143,10499.685546875,10499.685546875,564696
2012-07-10,10499.68603815091,10612.183237276446,10424.6884765625,10424.6884765625,981464
2012-07-11,10499.685546875,10499.685546875,10424.687988795693,10499.685546875,304609
2012-07-12,10612.182740736838,10612.182740736838,10499.685546875,10499.685546875,455463
2012-07-13,10499.686143729448,10837.17688775674,10499.686143729448,10724.6796875,1211
2012-07-16,10799.676510202922,10837.176145548874,10612.1826171875,10612.1826171875,290572
2012-07-17,10537.185059981332,10874.67492415196,10537.185059981332,10612.1826171875,718241
2012-07-18,10612.182861159825,10762.177979020526,10612.182861159825,10649.681640625,787726
2012-07-19,10649.681283070311,11024.669921875,10612.182504864128,11024.669921875,1270188
2012-07-20,11137.167387834463,11137.167387834463,10762.1787109375,10762.1787109375,1388031
2012-07-23,10612.183582875894,10799.677492952902,10574.684800860492,10762.1787109375,669953
2012-07-24,10574.68359375,10762.177482424397,10574.68359375,10574.68359375,286033
2012-07-25,10612.18237148488,10649.68114921976,10537.18481601512,10574.68359375,392412
2012-07-26,10574.68359375,10687.179926954639,10537.18481601512,10574.68359375,392997
2012-07-27,10349.691155008322,10574.684701734615,10349.691155008322,10462.1875,295414
2012-07-30,10349.691155008322,10574.684701734615,10349.691155008322,10462.1875,295414
2012-07-31,10687.181046726293,10687.181046726293,10462.1875,10462.1875,883717
2012-08-01,10387.187978879634,10424.686753475702,10274.691655091432,10312.1904296875,671965
2012-08-02,10312.1904296875,10462.18552807177,10274.691655091432,10312.1904296875,271598
2012-08-03,10312.1904296875,10387.187978879634,10274.691655091432,10312.1904296875,339117
2012-08-06,10274.692871615649,10499.685545831202,10274.692871615649,10349.6904296875,506301
2012-08-07,10349.69091497409,10499.68603815091,10349.69091497409,10424.6884765625,503915
2012-08-08,10424.688718336107,10499.686281663893,10424.688718336107,10462.1875,401630
2012-08-09,10462.186403802512,10574.68359375,10462.186403802512,10574.68359375,704438
2012-08-10,10499.68603815091,10537.185675688035,10424.6884765625,10424.6884765625,377696
2012-08-13,10424.689213131225,10499.68678001868,10387.1904296875,10387.1904296875,249466
2012-08-14,10499.684936709176,10649.680900893985,10462.186159848681,10537.1845703125,985090
2012-08-15,10462.1875,10612.183483398509,10424.688718336107,10462.1875,676901
2012-08-16,10537.185675688035,10537.185675688035,10424.6884765625,10424.6884765625,295906
2012-08-17,10499.685546875,10537.185182657531,10462.186767835346,10499.685546875,421961
2012-08-20,10462.186886556237,10762.177979020526,10462.186886556237,10649.681640625,723248
2012-08-21,10499.685926315866,10499.685926315866,10124.697265625,10124.697265625,2240703
2012-08-22,9787.207874574167,10087.198989471468,9674.711527766287,9899.705078125,2705829
2012-08-23,9562.21373660097,9599.712513206132,9412.2177734375,9412.2177734375,1540616
2012-08-24,8962.232178924396,9862.205446069229,8962.232178924396,9787.20703125,2779103
2012-08-27,9412.21801235861,9449.716789915645,9299.7216796875,9299.7216796875,1264713
2012-08-28,9374.7177734375,9562.212488738189,9112.22551471362,9374.7177734375,691453
2012-08-29,9262.223739431789,9674.711186590734,9262.223739431789,9562.21484375,1233644
2012-08-30,9599.7138671875,9637.212649081637,9524.715446656282,9599.7138671875,838821
2012-08-31,9637.211534443672,9637.211534443672,9299.7216796875,9299.7216796875,1196422
2012-09-03,9299.7216796875,9299.7216796875,9299.7216796875,9299.7216796875,0
2012-09-04,9299.722647597937,9599.713756019995,9299.722647597937,9449.7177734375,746082
2012-09-05,9449.7177734375,9562.214974560105,9337.221429057829,9449.7177734375,661226
2012-09-06,9449.7177734375,9449.7177734375,9374.720210517718,9449.7177734375,553420
2012-09-07,9487.217036947279,9524.7158203125,9412.219470216836,9524.7158203125,1170406
2012-09-10,9374.72061350516,9412.219396576995,9074.7294921875,9074.7294921875,1939111
2012-09-11,8999.732421875,9262.224774582573,8962.233636737206,8999.732421875,827241
2012-09-12,8999.731926043829,9187.22584140301,8999.731926043829,9074.7294921875,344264
2012-09-13,9074.726743002024,9374.7177734375,8999.729199578833,9374.7177734375,739227
2012-09-14,9562.21435702095,9824.705810288175,9449.717163163548,9787.20703125,2463358
2012-09-17,9787.207619403272,10274.69348968032,9674.711275528382,10162.1962890625,3067265
2012-09-18,10124.697154020248,10124.697154020248,9674.7109375,9674.7109375,1409180
2012-09-19,9562.215085293363,9712.210212869913,9337.221537185595,9599.7138671875,1734050
2012-09-20,9524.714345029717,9524.714345029717,9149.72571271651,9299.7216796875,1400337
2012-09-21,9374.720082272523,9562.21484375,9299.7225203787,9562.21484375,2983088
2012-09-24,9487.215567472682,9524.714345029717,9299.7216796875,9299.7216796875,352920
2012-09-25,9374.720462153933,9487.21680955323,9299.722897221067,9337.2216796875,735671
2012-09-26,9299.721443622015,9449.716550042662,9299.721443622015,9412.2177734375,865258
2012-09-27,9637.211289811296,9637.211289811296,9374.718996832338,9412.2177734375,1107682
2012-09-28,9374.719727486077,9412.218507013846,9224.724609375,9224.724609375,809998
2012-10-01,9224.723733836048,9262.222509804726,8962.2314453125,8962.2314453125,624168
2012-10-02,8962.232177469588,9037.229735533763,8924.7333984375,8924.7333984375,547711
2012-10-03,8962.233636737206,9074.729992150587,8962.233636737206,8999.732421875,928988
2012-10-04,8999.73168667553,9112.228032898942,8999.73168667553,9037.23046875,507167
2012-10-05,9037.23045782101,9262.22400673869,9037.23045782101,9187.2255859375,399173
2012-10-08,9187.225693078812,9337.2216796875,9187.225693078812,9337.2216796875,241441
2012-10-09,9337.220457244535,9337.220457244535,9262.222902130463,9299.7216796875,614061
2012-10-10,9299.723393843939,9299.723393843939,9149.727399225181,9262.224609375,393675
2012-10-11,9299.723393843939,9374.720962781817,9224.725824906061,9262.224609375,706824
2012-10-12,9262.221785223212,9262.221785223212,9112.225836339843,9149.724609375,705210
2012-10-15,9112.228777288381,9149.727562426175,8962.233636737206,8999.732421875,470623
2012-10-16,8999.729517234373,9224.723012188055,8999.729517234373,9149.724609375,1423709
2012-10-17,9149.727562426175,9187.226347563968,8999.732421875,8999.732421875,676621
2012-10-18,8999.73168667553,9074.729250824472,8962.232904601058,9037.23046875,639001
2012-10-19,8999.730221281177,9074.727773218532,8812.235484694982,8962.2314453125,743555
2012-10-22,9037.23046875,9037.23046875,8924.734122526588,9037.23046875,329899
2012-10-23,9112.228032898942,9149.726814973414,9037.23046875,9037.23046875,399711
2012-10-24,8962.232904601058,9074.729250824472,8962.232904601058,9037.23046875,216829
2012-10-25,9037.228997249855,9037.228997249855,8924.732669343823,8962.2314453125,414497
2012-10-26,9037.228997249855,9037.228997249855,8924.732669343823,8962.2314453125,90259
2012-10-29,8887.234619405412,8962.232177469588,8849.734983630446,8924.7333984375,329689
2012-10-30,8924.73376948765,8924.73376948765,8849.7353515625,8849.7353515625,453053
2012-10-31,8737.2373046875,8849.733624506813,8699.738531414396,8737.2373046875,477455
2012-11-01,8662.2412109375,8737.238770061998,8624.74243137525,8662.2412109375,460446
2012-11-02,8437.246808196014,8474.745583897718,8249.7529296875,8249.7529296875,1115029
2012-11-05,8099.7578131149785,8399.748906692785,8024.76025390625,8024.76025390625,521251
2012-11-06,7987.261849274819,8099.758193369207,7874.7646484375,7874.7646484375,685862
2012-11-07,7874.763459184866,8249.7529296875,7874.763459184866,8249.7529296875,526375
2012-11-08,8287.252558572123,8662.2412109375,8287.252558572123,8662.2412109375,1590776
2012-11-09,8662.241209894073,8812.236328125,8624.74243033634,8812.236328125,899533
2012-11-12,8699.739747656473,8812.236083203014,8662.240969140961,8774.7373046875,255151
2012-11-13,8812.236080009621,8887.234493756338,8587.243408998076,8624.7421875,447789
2012-11-14,8624.742668015793,8962.232550078768,8624.742668015793,8849.7353515625,846027
2012-11-15,9074.7294921875,9074.7294921875,8962.233142971992,9074.7294921875,1433816
2012-11-16,9112.22729359794,9112.22729359794,8924.7333984375,8924.7333984375,264696
2012-11-19,8924.733523541085,8962.232303098817,8812.236328125,8812.236328125,438080
2012-11-20,8812.236083203014,8849.734861718527,8737.238526171986,8774.7373046875,126429
2012-11-21,8699.739747656473,8774.7373046875,8662.240969140961,8774.7373046875,208921
2012-11-22,8849.733624506813,8849.733624506813,8737.2373046875,8737.2373046875,262403
2012-11-23,8737.238770061998,8812.236329186495,8662.2412109375,8662.2412109375,85370
2012-11-26,8624.741572461004,8662.240348288851,8549.7431640625,8549.7431640625,127060
2012-11-27,8624.741572461004,8624.741572461004,8549.7431640625,8549.7431640625,106168
2012-11-28,8512.24668852197,8587.2451171875,8512.24668852197,8587.2451171875,65647
2012-11-29,8849.734861718527,8849.734861718527,8662.240969140961,8774.7373046875,654933
2012-11-30,8999.729574341978,8999.729574341978,8737.2373046875,8737.2373046875,987359
2012-12-03,8699.738531414396,8887.233254522664,8699.738531414396,8737.2373046875,343679
2012-12-04,8812.235484694982,8999.730221281177,8812.235484694982,8962.2314453125,693418
2012-12-05,9037.2293800454,9374.719234801572,8999.730602488364,9299.7216796875,1441770
2012-12-06,9337.221429057829,9524.715336357282,9299.722647597937,9449.7177734375,1046199
2012-12-07,9487.217316188635,9487.217316188635,9262.224609375,9262.224609375,382118
2012-12-10,9224.725824906061,9337.222178312879,9187.22618369412,9262.224609375,213086
2012-12-11,9149.726665015442,9449.7177734375,9149.726665015442,9449.7177734375,872113
2012-12-12,9374.720686851615,9599.714243785918,9374.720686851615,9524.7158203125,993045
2012-12-13,9562.215460420699,9562.215460420699,9412.219470216836,9524.7158203125,502324
2012-12-14,9524.712860283882,9712.20757558457,9374.7177734375,9374.7177734375,719621
2012-12-17,9449.717398234658,9824.7060546875,9449.717398234658,9824.7060546875,1897982
2012-12-18,10124.697759762359,10162.196541987287,10049.7001953125,10049.7001953125,1594028
2012-12-19,9937.20142224375,10049.69774145,9937.20142224375,9974.7001953125,1206669
2012-12-20,10012.20142493288,10012.20142493288,9824.706656843462,9899.705078125,1305562
2012-12-21,9749.708984375,9824.706548083359,9674.711420666641,9749.708984375,2521963
2012-12-24,9749.708252211825,9824.705810288175,9599.713136059125,9787.20703125,380012
2012-12-25,9899.702649175,10049.69774145,9862.20387610625,9974.7001953125,1167715
2012-12-26,9787.205717968487,10012.19921875,9787.205717968487,10012.19921875,273844
2012-12-27,10199.695927097058,10199.695927097058,10012.201163895981,10162.1962890625,1592952
2012-12-28,10012.201519207632,10237.19507168488,10012.201519207632,10199.6962890625,1123077
2012-12-31,10199.6962890625,10199.6962890625,10199.6962890625,10199.6962890625,0
2013-01-01,10199.6962890625,10199.6962890625,10199.6962890625,10199.6962890625,0
2013-01-02,10199.6962890625,10199.6962890625,10199.6962890625,10199.6962890625,0
2013-01-03,10462.186169389031,10687.1796875,10124.696320593994,10687.1796875,1171295
2013-01-04,10499.685779625857,11062.169191175211,10424.688219884049,10949.6728515625,1173377
2013-01-07,10499.685887171396,11249.6640625,10499.685887171396,11249.6640625,3071219
2013-01-08,11474.655685117445,11812.1455078125,11287.160958401186,11812.1455078125,2421948
2013-01-09,11287.162359378704,11887.14453125,11249.663580729608,11887.14453125,3704255
2013-01-10,11924.646298795102,12187.138671875,11512.158773522739,12187.138671875,1509945
2013-01-11,12337.131735338236,12337.131735338236,11999.64184330059,12037.140625,1012978
2013-01-14,11812.147457389734,11962.142578125,11549.655139360111,11962.142578125,900562
2013-01-15,11774.647100903752,11999.640625,11699.649545119286,11999.640625,1190830
2013-01-16,11812.147934803528,12337.131735338236,11812.147934803528,12037.140625,1050457
2013-01-17,12187.134104502256,12187.134104502256,11812.1455078125,11812.1455078125,839313
2013-01-18,11999.642597158347,11999.642597158347,11774.649036084085,11849.6474609375,701373
2013-01-21,11549.655027723418,11887.144902858563,11549.655027723418,11662.1513671875,630297
2013-01-22,11699.649900755028,11699.649900755028,11474.6572265625,11474.6572265625,432138
2013-01-23,11174.666498233175,11474.657596915182,11137.166861247882,11399.6591796875,1240382
2013-01-24,11437.156631018139,11624.6513671875,11399.657855132828,11624.6513671875,494182
2013-01-25,11624.655137667087,12187.138671875,11624.655137667087,12187.138671875,997794
2013-01-28,12187.134533431565,12374.628410003956,12149.635758117087,12299.630859375,1060751
2013-01-29,12337.131686811019,12749.619140625,12262.134123707192,12749.619140625,2142021
2013-01-30,12749.619010685357,12899.61499210724,12599.623886006402,12862.1162109375,1796142
2013-01-31,12562.125232865434,12749.619140625,12562.125232865434,12749.619140625,752071
2013-02-01,12674.621448345879,12862.1162109375,12299.632779905563,12862.1162109375,1013211
2013-02-04,12862.115603447195,12862.115603447195,12599.623290913865,12637.1220703125,502792
2013-02-05,12637.1220703125,12637.1220703125,12449.628173319325,12637.1220703125,675474
2013-02-06,12637.121232640919,12937.1123046875,12637.121232640919,12937.1123046875,2300408
2013-02-07,12937.1123046875,13012.109858513439,12862.114750861563,12937.1123046875,284418
2013-02-08,13012.109858513439,13012.109858513439,12899.61352777453,12937.1123046875,544717
2013-02-11,12937.1123046875,12937.1123046875,12937.1123046875,12937.1123046875,0
2013-02-12,12937.1123046875,12937.1123046875,12937.1123046875,12937.1123046875,0
2013-02-13,12937.1123046875,12937.1123046875,12937.1123046875,12937.1123046875,0
2013-02-14,12937.1123046875,12937.1123046875,12937.1123046875,12937.1123046875,0
2013-02-15,12937.1123046875,12937.1123046875,12937.1123046875,12937.1123046875,0
2013-02-18,12937.113773276978,12937.113773276978,12862.1162109375,12862.1162109375,534727
2013-02-19,12824.616331240895,12862.115109198576,12637.12158470964,12712.119140625,1237668
2013-02-20,12262.134470562269,12787.119140625,12262.134470562269,12787.119140625,921875
2013-02-21,12824.616308857676,12824.616308857676,11999.640625,11999.640625,878992
2013-02-22,11999.640512962345,12449.627556953425,11812.146625251764,12262.1328125,1212518
2013-02-25,12187.135387277744,12562.1240234375,12187.135387277744,12562.1240234375,417328
2013-02-26,12870.509698973588,12870.509698973588,11871.6044921875,11871.6044921875,563737
2013-02-27,11871.6044921875,12025.281811181558,11756.346502941957,11871.6044921875,607042
2013-02-28,12102.119053118451,12601.571122896019,11986.860207958445,12409.4736328125,766740
2013-03-01,12409.47530240688,12486.314835443265,12332.636647145348,12447.8955078125,629502
2013-03-04,12447.895580086357,12563.153563647855,12294.217390896169,12332.63671875,868136
2013-03-05,12524.734194096623,12524.734194096623,12140.5400390625,12140.5400390625,503166
2013-03-06,12140.539704067587,12371.0556640625,12140.539704067587,12371.0556640625,368525
2013-03-07,12371.0556640625,12371.0556640625,12255.797684065043,12371.0556640625,623630
2013-03-08,12409.4736328125,12447.893833048993,12332.634987888989,12409.4736328125,641551
2013-03-11,12294.217010730861,12371.0556640625,12140.539704067587,12371.0556640625,608376
2013-03-12,12255.796342965476,12409.4736328125,12255.796342965476,12409.4736328125,370888
2013-03-13,12447.896100228296,12486.3154296875,12371.05656353499,12486.3154296875,595251
2013-03-14,12486.313312816104,12524.732635761877,12294.2158203125,12294.2158203125,869820
2013-03-15,12255.79708527531,12639.9912109375,12255.79708527531,12639.9912109375,1571077
2013-03-18,12639.990388744036,12639.990388744036,12409.473577231232,12524.732421875,222233
2013-03-19,12524.734235794022,12524.734235794022,12332.63671875,12332.63671875,324401
2013-03-20,12332.634987888989,12447.893833048993,12294.215665427231,12409.4736328125,271481
2013-03-21,12486.314521834789,12486.314521834789,12332.636337396681,12371.0556640625,468775
2013-03-22,12294.216580329135,12371.05523097077,12178.958604366684,12217.3779296875,145286
2013-03-25,12217.377174420957,12409.473789149813,12217.377174420957,12294.2158203125,480309
2013-03-26,12294.216580329135,12332.635905649951,12217.3779296875,12217.3779296875,117000
2013-03-27,12140.538375580207,12409.4736328125,12063.698852881958,12409.4736328125,373204
2013-03-28,12447.893989870334,12447.893989870334,12217.377174420957,12294.2158203125,310387
2013-03-29,12294.2158203125,12332.635143258272,11910.02171308004,12294.2158203125,301942
2013-04-01,12102.119205583644,12294.2158203125,12102.119205583644,12294.2158203125,356196
2013-04-02,12294.217010730861,12409.474990728319,12255.797684065043,12371.0556640625,1590823
2013-04-03,12447.893989870334,12447.893989870334,12217.377174420957,12294.2158203125,793715
2013-04-04,12140.538684373552,12294.215978129343,12140.538684373552,12178.9580078125,475256
2013-04-05,12294.216201250572,12294.216201250572,11871.6027579776,11948.44140625,688178
2013-04-08,11948.440971892041,12102.119140625,11948.440971892041,12102.119140625,379077
2013-04-09,11986.8603515625,12102.11919810332,11948.441028640476,11986.8603515625,281377
2013-04-10,11986.861312529978,12063.699964534058,11180.0537109375,11180.0537109375,1174757
2013-04-11,11218.472496298396,11525.827967277448,11141.63384799733,11333.73046875,1324535
2013-04-12,11295.311146882883,11333.730471041183,10949.536351683397,11026.375,830493
2013-04-15,10949.536688088818,10987.956013427485,10373.245052459195,10488.50390625,771583
2013-04-16,10334.825986037187,10872.698309803367,10065.889824154097,10757.439453125,1379585
2013-04-17,10488.503526992674,10872.69764426195,10488.503526992674,10834.2783203125,860205
2013-04-18,10603.761882266004,10680.60053294334,10488.50390625,10488.50390625,1133488
2013-04-19,10488.50390625,10488.50390625,10488.50390625,10488.50390625,0
2013-04-22,10450.084813429889,10488.504139623401,10257.9873046875,10257.9873046875,998004
2013-04-23,10257.987140452296,10488.503971697513,10257.987140452296,10373.2451171875,849888
2013-04-24,10373.242696133737,10488.50152374302,10219.5654296875,10219.5654296875,734875
2013-04-25,10373.244677980869,10526.9228515625,10373.244677980869,10526.9228515625,318880
2013-04-26,10680.600147369358,10719.019471321073,10526.9228515625,10526.9228515625,554028
2013-04-29,10526.9228515625,10526.9228515625,10526.9228515625,10526.9228515625,0
2013-04-30,10526.9228515625,10526.9228515625,10526.9228515625,10526.9228515625,0
2013-05-01,10526.9228515625,10526.9228515625,10526.9228515625,10526.9228515625,0
2013-05-02,10565.342941144958,10565.342941144958,10450.0849609375,10450.0849609375,87311
2013-05-03,10373.245429691027,10450.0849609375,10373.245429691027,10450.0849609375,272042
2013-05-06,10565.342821619095,10795.859657201005,10488.504169016735,10757.439453125,750971
2013-05-07,10795.859057357802,10795.859057357802,10719.01953125,10719.01953125,70071
2013-05-08,10719.018877019564,10795.8583984375,10680.599555197956,10795.8583984375,279997
2013-05-09,10795.859440300188,10795.859440300188,10642.181260408206,10680.6005859375,391312
2013-05-10,10680.598777383666,10795.857612229489,10526.92150128878,10565.3408203125,458387
2013-05-13,10488.503958291032,10680.6005859375,10488.503958291032,10680.6005859375,217250
2013-05-14,10603.762267880777,10642.181594616595,10450.0849609375,10450.0849609375,465897
2013-05-15,10526.922910417434,10757.438855416513,10488.503586250921,10719.01953125,567902
2013-05-16,10757.438281681056,11333.729868992463,10719.018959563593,11295.310546875,2203902
2013-05-17,11141.635224614798,11218.473882409755,10987.95703125,10987.95703125,443040
2013-05-20,10987.955092160564,11372.149191109927,10987.955092160564,11295.310546875,932497
2013-05-21,11333.73046875,11602.666615578517,11295.311144599465,11333.73046875,672433
2013-05-22,11525.827967277448,11525.827967277448,11333.73046875,11333.73046875,844858
2013-05-23,11333.73186910219,11333.73186910219,10949.537702352522,10987.95703125,1203744
2013-05-24,11141.632633843725,11180.051953807533,10872.696516322381,10949.53515625,1221244
2013-05-27,11141.63384799733,11487.408643126913,11141.63384799733,11333.73046875,1882260
2013-05-28,11448.98855874916,11448.98855874916,11333.729716176114,11410.568359375,1701975
2013-05-29,11487.408260449285,11487.408260449285,11372.1494140625,11372.1494140625,1469470
2013-05-30,11410.567744472464,11794.7626953125,11372.148424943394,11794.7626953125,2821238
2013-05-31,11910.023821936014,12063.701140930072,11794.765832690471,11871.6044921875,1614171
2013-06-03,11756.34419554294,11948.440806583016,11756.34419554294,11910.021484375,938159
2013-06-04,11833.184818312215,11910.02347557466,11602.66796875,11602.66796875,1524146
2013-06-05,11602.666553014256,11756.3447265625,11564.247229070887,11756.3447265625,782321
2013-06-06,11641.08709266907,12102.120783686076,11641.08709266907,12025.28125,909265
2013-06-07,12140.538528529414,12332.635143258272,12140.538528529414,12294.2158203125,1391166
2013-06-10,12217.377331251448,12524.732796537788,12140.538684373552,12178.9580078125,1634526
2013-06-11,12255.798095508504,12255.798095508504,11986.861922044392,12025.28125,1653429
2013-06-12,11833.183657044945,12102.11980884593,11717.9248046875,11717.9248046875,1738378
2013-06-13,11717.92629541854,11910.023821936014,11679.506965670025,11871.6044921875,710216
2013-06-14,11871.602698392606,11948.441346279342,11756.3447265625,11756.3447265625,1164931
2013-06-17,11756.3447265625,12063.699318109448,11756.3447265625,11756.3447265625,1127826
2013-06-18,11756.34419554294,11986.86012879103,11756.34419554294,11910.021484375,1015972
2013-06-19,11794.763517750955,11948.440806583016,11794.763517750955,11910.021484375,666210
2013-06-20,11871.6044921875,11871.6044921875,11717.92629541854,11871.6044921875,1417930
2013-06-21,11871.60389813853,11910.023225964562,11756.345914660438,11833.1845703125,3125497
2013-06-24,11679.505263879584,11794.764114105963,11256.891820448931,11333.73046875,2004712
2013-06-25,11256.893659575755,11256.893659575755,10565.343956332697,10642.1826171875,1821783
2013-06-26,10565.342622854318,10680.600599589521,10296.406466030698,10373.2451171875,2526736
2013-06-27,10450.084419765119,10680.60036824244,10373.24489249789,10603.76171875,1257882
2013-06-28,10719.020126823818,10795.859657201005,10603.762147920277,10757.439453125,585214
2013-07-01,10719.019471321073,10719.019471321073,10526.9228515625,10526.9228515625,445707
2013-07-02,10526.923283820326,10680.6005859375,10526.923283820326,10680.6005859375,174273
2013-07-03,10719.019471321073,10757.438795272788,10526.9228515625,10526.9228515625,577400
2013-07-04,10526.9228515625,10680.600147369358,10526.9228515625,10526.9228515625,550472
2013-07-05,10642.179458359944,10642.179458359944,10526.92150128878,10565.3408203125,254308
2013-07-08,10488.50374451134,10603.76171875,10488.50374451134,10603.76171875,274780
2013-07-09,10565.34239400378,10642.181043496219,10526.92306925756,10603.76171875,247781
2013-07-10,10526.92323158867,10642.181207604672,10488.50390625,10488.50390625,558333
2013-07-11,10488.502182265058,10565.3408203125,10411.662666442955,10565.3408203125,444467
2013-07-12,10603.761934878912,10680.6005859375,10565.342609349618,10680.6005859375,364408
2013-07-15,10719.019911466794,10757.439236996088,10642.181260408206,10680.6005859375,630508
2013-07-16,10603.763286760099,10719.021278042303,10603.763286760099,10642.1826171875,445871
2013-07-17,10642.1826171875,10642.1826171875,10565.343956332697,10642.1826171875,528901
2013-07-18,10603.76171875,10680.60036824244,10565.34239400378,10603.76171875,564930
2013-07-19,10680.600800522638,10872.698309803367,10642.181474221457,10757.439453125,1420925
2013-07-22,10757.438855416513,10834.278381524315,10680.600207083487,10719.01953125,269539
2013-07-23,10719.019097404202,10987.955233459543,10680.599774792687,10872.697265625,1291360
2013-07-24,10757.43901773488,10872.69786974833,10603.76171875,10603.76171875,1073829
2013-07-25,10603.760139336222,10719.018096407386,10565.3408203125,10565.3408203125,430664
2013-07-26,10565.3408203125,10680.598777383666,10488.502182265058,10565.3408203125,541909
2013-07-29,10450.084646119112,10642.18127401112,10296.406466030698,10373.2451171875,515098
2013-07-30,10373.245429691027,10488.504287673319,10373.245429691027,10450.0849609375,309522
2013-07-31,10411.664224316957,10488.503751636386,10296.40625,10296.40625,336754
2013-08-01,10411.664609461553,10411.664609461553,10257.9873046875,10257.9873046875,836388
2013-08-02,10334.825791609099,10411.664442765903,10296.406466030698,10373.2451171875,204312
2013-08-05,10373.245711283747,10411.6650390625,10334.826383504995,10411.6650390625,208968
2013-08-06,10411.664001932584,10526.9228515625,10334.825354029155,10526.9228515625,987898
2013-08-07,10565.343227952368,10565.343227952368,10411.6650390625,10411.6650390625,440724
2013-08-08,10411.664825859052,10488.504357617945,10334.826171875,10334.826171875,287015
2013-08-09,10373.245498867027,10373.245498867027,10296.406844882975,10334.826171875,393137
2013-08-12,10296.40625,10373.24489954464,10296.40625,10296.40625,538353
2013-08-13,10296.404062910618,10373.242696133737,10219.5654296875,10219.5654296875,867808
2013-08-14,10219.567978493988,10257.9873046875,10219.567978493988,10257.9873046875,485877
2013-08-15,10257.987140452296,10450.084646119112,10257.987140452296,10373.2451171875,564580
2013-08-16,10373.2451171875,10450.084646119112,10373.2451171875,10373.2451171875,500710
2013-08-19,10373.245498867027,10488.504357617945,10334.826171875,10334.826171875,1598707
2013-08-20,10334.825957074527,10334.825957074527,10257.9873046875,10257.9873046875,1224987
2013-08-21,10296.40625,10296.40625,10219.567600455362,10296.40625,601708
2013-08-22,10219.568216338152,10296.406870513476,10027.470703125,10027.470703125,1475132
2013-08-23,10142.728966003442,10142.728966003442,9681.6953125,9681.6953125,2525636
2013-08-26,9604.856662841023,9796.954164763256,9451.17936352307,9681.6953125,1978276
2013-08-27,9643.275390625,9681.694713075827,9604.856068174173,9643.275390625,405958
2013-08-28,9604.855999644335,9604.855999644335,9412.758510986061,9451.1787109375,2247558
2013-08-29,9451.178519676896,9528.017162475355,8951.7255859375,8951.7255859375,2769839
2013-08-30,8990.146582567164,9489.599609375,8990.146582567164,9489.599609375,2668209
2013-09-02,9489.599609375,9489.599609375,9489.599609375,9489.599609375,0
2013-09-03,9412.757877025468,9528.016713567504,9105.4033203125,9105.4033203125,752913
2013-09-04,9105.404577669202,9259.08187724684,8990.145725211181,9066.984375,1164393
2013-09-05,9182.24338018315,9335.92068231685,9028.565200274643,9259.08203125,500710
2013-09-06,9335.921111029658,9412.759765625,9220.663129136648,9412.759765625,1239750
2013-09-09,9412.757877025468,9412.757877025468,9105.4033203125,9105.4033203125,1510366
2013-09-10,9220.662488691656,9220.662488691656,9143.823839433344,9182.2431640625,809811
2013-09-11,9259.083214116854,9489.600074541211,9220.66388367528,9335.921875,945107
2013-09-12,9335.921875,9412.760535883146,9297.502544558427,9335.921875,794791
2013-09-13,9374.34043832733,9451.179970697518,9374.34043832733,9412.759765625,764213
2013-09-16,9643.275987670511,9758.533962158977,9604.856662841023,9681.6953125,1680498
2013-09-17,9758.534701883022,10027.470873850341,9720.115374141242,9912.212890625,2584172
2013-09-18,9912.21213925172,9912.21213925172,9681.6953125,9681.6953125,823685
2013-09-19,9758.533962158977,9873.792814422233,9681.6953125,9681.6953125,1266982
2013-09-20,9758.533899206072,9796.9541015625,9566.437276297856,9796.9541015625,3818425
2013-09-23,9758.532600719505,9758.532600719505,9566.436003371982,9720.11328125,582079
2013-09-24,9720.11457462443,9912.212075307429,9643.275925461143,9796.9541015625,459604
2013-09-25,9835.375,9950.632992188503,9720.116130036571,9835.375,561234
2013-09-26,9873.7943307295,9912.213661459002,9643.27746857757,9835.375,736583
2013-09-27,9835.37423514144,9950.63221836678,9796.95490739966,9912.212890625,713983
2013-09-30,9950.632024179902,10373.245498867027,9950.632024179902,10334.826171875,1990886
2013-10-01,10334.827095993372,10680.601947614901,10334.827095993372,10642.1826171875,3081537
2013-10-02,10603.76155875046,10834.278381524315,10603.76155875046,10719.01953125,1489871
2013-10-03,10719.021278042303,10719.021278042303,10526.924625905296,10642.1826171875,973369
2013-10-04,10642.180233376348,10872.697042080716,10526.922267911526,10795.8583984375,958864
2013-10-07,10872.697862778408,10949.536512221592,10795.859213335227,10911.1171875,879857
2013-10-08,10911.11696760386,11141.6337890625,10834.27831970924,11141.6337890625,1849390
2013-10-09,11026.376360147478,11141.635224614798,10987.95703125,10987.95703125,783865
2013-10-10,10987.955836943183,11064.794486386367,10911.1171875,10911.1171875,517344
2013-10-11,10987.9562694076,11103.215125883524,10987.9562694076,11064.794921875,1011831
2013-10-14,11064.794921875,11141.634452117225,11064.794921875,11064.794921875,839055
2013-10-15,11064.795613901058,11141.635148949063,10987.956956627933,11103.2158203125,575833
2013-10-16,11141.63283812938,11487.40760191824,11103.21351746114,11448.98828125,1286564
2013-10-17,11487.408643126913,11487.408643126913,11295.311144599465,11333.73046875,572206
2013-10-18,11333.729716176114,11410.568359375,11256.891072977227,11410.568359375,430102
2013-10-21,11448.988937578606,11448.988937578606,11333.730091191821,11372.1494140625,349809
2013-10-22,11372.149191109927,11410.56851322739,11256.891224757537,11295.310546875,555947
2013-10-23,11372.149575458076,11602.666393728434,11372.149575458076,11564.2470703125,1794504
2013-10-24,11448.989853742452,11564.247831577593,11448.989853742452,11487.4091796875,645247
2013-10-25,11525.8291015625,11525.8291015625,11448.99044569955,11525.8291015625,733448
2013-10-28,11525.827967277448,11525.827967277448,11295.311144599465,11333.73046875,299087
2013-10-29,11180.052799709103,11372.1494140625,11180.052799709103,11372.1494140625,469992
2013-10-30,11333.729868992463,11448.988713119583,11295.310546875,11295.310546875,239686
2013-10-31,11410.569117051069,11448.989318976379,11295.311144599465,11333.73046875,717609
2013-11-01,11410.56851322739,11410.56851322739,11295.310546875,11295.310546875,129002
2013-11-04,11256.89313485875,11295.312463495313,11103.2158203125,11103.2158203125,708626
2013-11-05,11141.633258405147,11295.310546875,11103.213936287684,11295.310546875,374959
2013-11-06,11372.149037775556,11410.568359375,11295.31039457667,11410.568359375,235428
2013-11-07,11410.568082807064,11487.40760191824,11372.148762138822,11448.98828125,787632
2013-11-08,11295.310120802342,11487.40760191824,11295.310120802342,11448.98828125,415246
2013-11-11,11295.312256198791,11525.8291015625,11295.312256198791,11525.8291015625,819333
2013-11-12,11487.407880348603,11487.407880348603,11372.149037775556,11410.568359375,557561
2013-11-13,11333.73046875,11410.569117051069,11333.73046875,11333.73046875,555385
2013-11-14,11295.310768321142,11410.56873693318,11295.310768321142,11372.1494140625,194627
2013-11-15,11372.149037775556,11410.568359375,11372.149037775556,11410.568359375,236013
2013-11-18,11410.568082807064,11525.82692258648,11410.568082807064,11448.98828125,363589
2013-11-19,11141.63438493546,11372.1503409477,11141.63438493546,11180.0537109375,1133722
2013-11-20,11180.053924652095,11256.892578125,11103.21527117919,11256.892578125,1165890
2013-11-21,11218.473806222188,11333.731792131875,11103.2158203125,11103.2158203125,1190081
2013-11-22,11141.635148949063,11141.635148949063,11064.795613901058,11103.2158203125,501716
2013-11-25,11180.054477585625,11180.054477585625,11064.795613901058,11103.2158203125,529182
2013-11-26,11103.21589571732,11141.635224614798,10987.95703125,10987.95703125,420089
2013-11-27,10987.955233459543,11064.79387868257,10834.277943013485,10872.697265625,1356143
2013-11-28,10872.697265625,10872.697265625,10757.438420015716,10872.697265625,451018
2013-11-29,10872.696516322381,10949.53515625,10834.277196358573,10949.53515625,580184
2013-12-02,10949.536512221592,10987.955836943183,10872.697862778408,10911.1171875,159767
2013-12-03,10872.697862778408,10949.536512221592,10872.697862778408,10911.1171875,784053
2013-12-04,10911.116363902322,10911.116363902322,10795.8583984375,10795.8583984375,413842
2013-12-05,10795.857612229489,10795.857612229489,10526.92150128878,10565.3408203125,1864737
2013-12-06,10680.600207083487,10757.438855416513,10642.180882916973,10719.01953125,208196
2013-12-09,10757.439453125,10757.439453125,10642.181474221457,10757.439453125,508968
2013-12-10,10757.439236996088,10757.439236996088,10642.181260408206,10680.6005859375,313944
2013-12-11,10642.181207604672,10680.60053294334,10488.50390625,10488.50390625,413772
2013-12-12,10488.503971697513,10488.503971697513,10334.825791609099,10373.2451171875,702098
2013-12-13,10334.825957074527,10373.24528326804,10257.9873046875,10257.9873046875,789995
2013-12-16,10219.567762882947,10296.406413648841,10142.729112117053,10181.1484375,1259847
2013-12-17,10181.148275683043,10334.82557477232,10181.148275683043,10296.40625,715785
2013-12-18,10257.98751789095,10411.664825859052,10257.98751789095,10334.826171875,3019913
2013-12-19,10334.826102955209,10526.923614409137,10296.406776219388,10450.0849609375,5277508
2013-12-20,10450.084426864067,10450.084426864067,10296.40625,10296.40625,6631475
2013-12-23,10373.245711283747,10411.6650390625,10296.407055726242,10411.6650390625,1894379
2013-12-24,10373.245498867027,10373.245498867027,10257.98751789095,10334.826171875,2603614
2013-12-25,10334.82557477232,10334.82557477232,10219.567600455362,10296.40625,1404384
2013-12-26,10296.406466030698,10373.2451171875,10257.987140452296,10373.2451171875,1454872
2013-12-27,10373.24489954464,10411.664224316957,10296.40625,10296.40625,1408572
2013-12-30,10257.987472655313,10334.826126300522,10142.7294921875,10142.7294921875,2066781
2013-12-31,10219.567600455362,10334.82557477232,10142.728950910723,10296.40625,883437
2014-01-01,10296.40625,10296.40625,10296.40625,10296.40625,0
2014-01-02,10334.825957074527,10334.825957074527,10219.567978493988,10257.9873046875,781175
2014-01-03,10257.98744948357,10488.504287673319,10257.98744948357,10450.0849609375,1902895
2014-01-06,10488.504572394862,10526.923900173615,10373.245711283747,10411.6650390625,879413
2014-01-07,10565.343956332697,10719.021278042303,10526.924625905296,10642.1826171875,5550650
2014-01-08,10680.599555197956,10795.8583984375,10603.76091155474,10795.8583984375,3449361
2014-01-09,10795.85862040197,10911.116588236515,10757.438420015716,10872.697265625,1630946
2014-01-10,10872.698091358776,10911.11741688807,10680.6005859375,10680.6005859375,2001180
2014-01-13,10680.598777383666,10680.598777383666,10411.662666442955,10565.3408203125,3956505
2014-01-14,10565.343956332697,10680.601947614901,10526.924625905296,10642.1826171875,2300268
2014-01-15,10680.601947614901,10719.021278042303,10565.343956332697,10642.1826171875,1705741
2014-01-16,10642.1826171875,10719.021278042303,10565.343956332697,10642.1826171875,3184477
2014-01-17,10719.019686117254,11064.794486386367,10719.019686117254,10911.1171875,6185112
2014-01-20,10987.955830285338,11487.408806912974,10949.536505587024,11218.47265625,6752196
2014-01-21,11295.310768321142,11372.1494140625,10949.53598471028,11372.1494140625,4444137
2014-01-22,11410.569279741561,11410.569279741561,11180.053331551688,11218.47265625,3483729
2014-01-23,11218.473251388548,11333.731231597905,11141.634597915643,11256.892578125,2388048
2014-01-24,11256.89313485875,11256.89313485875,11026.376285264496,11103.2158203125,2695418
2014-01-27,11103.213313879916,11103.213313879916,10949.53515625,10949.53515625,1740367
2014-01-28,10949.53515625,10949.53515625,10949.53515625,10949.53515625,0
2014-01-29,10949.53515625,10949.53515625,10949.53515625,10949.53515625,0
2014-01-30,10949.53515625,10949.53515625,10949.53515625,10949.53515625,0
2014-01-31,10949.53515625,10949.53515625,10949.53515625,10949.53515625,0
2014-02-03,10949.53515625,10949.53515625,10949.53515625,10949.53515625,0
2014-02-04,10949.53515625,10949.53515625,10949.53515625,10949.53515625,0
2014-02-05,10949.53515625,10949.53515625,10949.53515625,10949.53515625,0
2014-02-06,10949.536354023854,10949.536354023854,10680.600207083487,10719.01953125,2882675
2014-02-07,10757.439236996088,10834.278765829482,10642.181260408206,10680.6005859375,1622009
2014-02-10,10719.019097404202,10872.697265625,10642.180452181174,10872.697265625,1143478
2014-02-11,10911.116588236515,10987.955233459543,10834.277943013485,10872.697265625,2232163
2014-02-12,10872.69764365655,11141.6337890625,10872.69764365655,11141.6337890625,2668232
2014-02-13,11218.473806222188,11295.312463495313,11103.2158203125,11103.2158203125,2161743
2014-02-14,11103.214465115188,11218.472436957123,11103.214465115188,11141.6337890625,1494737
2014-02-17,11141.634452117225,11180.053778350926,10987.9562694076,11064.794921875,1643977
2014-02-18,11026.374939445795,11141.6337890625,11026.374939445795,11141.6337890625,1607012
2014-02-19,11141.6337890625,11141.6337890625,11141.6337890625,11141.6337890625,0
2014-02-20,11218.47303693954,11410.569666949741,11064.79485515656,11180.0537109375,2914657
2014-02-21,11218.472436957123,11218.472436957123,11103.214465115188,11141.6337890625,1145373
2014-02-24,11180.0537109375,11218.47303693954,11103.21505893342,11180.0537109375,1006286
2014-02-25,11180.05258052261,11295.310546875,11180.05258052261,11295.310546875,2758656
2014-02-26,11448.989316784111,11717.924585786355,11448.989316784111,11641.0859375,3959991
2014-02-27,11641.086154965731,11910.022306766716,11641.086154965731,11717.9248046875,3753970
2014-02-28,11717.92452484436,12063.699318109448,11525.827905127519,11756.3447265625,3094428
2014-03-03,11910.02100704358,11910.02100704358,11448.98828125,11448.98828125,2793959
2014-03-04,11295.310120802342,11602.665563922961,11218.471479465861,11448.98828125,2331735
2014-03-05,11448.99044569955,11641.087085356923,11448.99044569955,11525.8291015625,1586331
2014-03-06,11525.8291015625,11564.248429493973,11448.99044569955,11525.8291015625,1295665
2014-03-07,11525.828505632546,11602.66715752264,11487.4091796875,11487.4091796875,1778525
2014-03-10,11487.40974210336,11910.023225964562,11487.40974210336,11833.1845703125,2091323
2014-03-11,11833.183433841401,12063.699378658599,11833.183433841401,11948.44140625,3371150
2014-03-12,11910.022022335974,12025.27999416608,11756.3447265625,11756.3447265625,2529801
2014-03-13,11756.344414030355,11986.8603515625,11756.344414030355,11986.8603515625,1863567
2014-03-14,12063.700577955608,12063.700577955608,11833.184610221966,12025.28125,1920582
2014-03-17,11871.60389813853,11910.023225964562,11756.345914660438,11833.1845703125,2131071
2014-03-18,11833.183657044945,11833.183657044945,11679.505479826616,11717.9248046875,1349522
2014-03-19,11717.92629541854,11910.023821936014,11717.92629541854,11871.6044921875,1874610
2014-03-20,11871.60133437064,11910.020653899708,11756.34337578343,11794.7626953125,1613821
2014-03-21,11833.183433841401,12217.377552978172,11794.7641097052,11948.44140625,7890737
2014-03-24,12140.539279045866,12294.216580329135,12102.11995372505,12217.3779296875,3116302
2014-03-25,12255.796654690395,12332.63530156829,12063.699159720898,12178.9580078125,2911194
2014-03-26,12140.539528237388,12178.958854346783,11602.667207156208,11679.505859375,3490467
2014-03-27,11679.505859375,11794.764715478006,11564.247881046813,11679.505859375,2921839
2014-03-28,11679.506381233516,11948.442553790592,11679.506381233516,11833.1845703125,2293834
2014-03-31,11833.1845703125,12063.700537268685,11756.345914660438,11833.1845703125,2515062
2014-04-01,11871.6027579776,12178.958228841973,11679.505259521828,11948.44140625,3607982
2014-04-02,11948.441028640476,12102.11919810332,11756.344414030355,11986.8603515625,1761353
2014-04-03,12063.700577955608,12102.120783686076,11948.442594088787,12025.28125,1448461
2014-04-04,12102.120783686076,12102.120783686076,11986.861922044392,12025.28125,830048
2014-04-07,11948.440280636876,12140.537760995941,11948.440280636876,12063.6982421875,1179811
2014-04-08,12025.279617371149,12102.119140625,12025.279617371149,12102.119140625,1807769
2014-04-09,12102.119140625,12102.119140625,12102.119140625,12102.119140625,0
2014-04-10,12140.538521025346,12178.95784394737,11986.8603515625,11986.8603515625,2037513
2014-04-11,11986.86012879103,11986.86012879103,11871.602162166986,11910.021484375,1540522
2014-04-14,11910.020653899708,11910.020653899708,11756.34337578343,11794.7626953125,1543190
2014-04-15,11833.184602789157,11833.184602789157,11487.409773631025,11525.8291015625,2213166
2014-04-16,11525.827357354508,11602.666001589436,10757.438281681056,11295.310546875,1869627
2014-04-17,11448.988713119583,11448.988713119583,11256.891224757537,11295.310546875,2488250
2014-04-18,11448.990655816442,11448.990655816442,11103.2158203125,11103.2158203125,1567170
2014-04-21,10949.53515625,11256.890593735152,10949.53515625,10949.53515625,1298824
2014-04-22,10949.53515625,10949.53515625,10949.53515625,10949.53515625,0
2014-04-23,11218.472436957123,11410.56905669368,11103.214465115188,11141.6337890625,2873551
2014-04-24,11141.6337890625,11180.053113009812,11064.794263393107,11141.6337890625,1160088
2014-04-25,11141.6337890625,11180.053113009812,11026.374939445795,11141.6337890625,1446777
2014-04-28,10949.53515625,11141.632633843725,10911.115836286192,10949.53515625,1973784
2014-04-29,11064.794921875,11103.215125883524,10911.117616940197,11064.794921875,394681
2014-04-30,11064.794921875,11064.794921875,11064.794921875,11064.794921875,0
2014-05-01,11064.794921875,11064.794921875,11064.794921875,11064.794921875,0
2014-05-02,11064.794921875,11064.794921875,11064.794921875,11064.794921875,0
2014-05-05,10949.53738351475,11064.795366851007,10373.245711283747,10411.6650390625,1434447
2014-05-06,10373.245064414737,10450.084592955436,9950.631607427511,10181.1484375,1332396
2014-05-07,10373.24528326804,10373.24528326804,10142.72932610696,10257.9873046875,731413
2014-05-08,10181.14950254381,10181.14950254381,9566.4384765625,9566.4384765625,4141095
2014-05-09,9259.082994577018,9796.95536355552,9259.082994577018,9758.53515625,2123328
2014-05-12,9604.85803700077,9758.535358305222,9105.405864986387,9143.8251953125,2759638
2014-05-13,9143.825222792135,9335.921875,9028.566353692497,9335.921875,1788959
2014-05-14,9335.920504100008,9989.05078125,9335.920504100008,9989.05078125,2711794
2014-05-15,9989.050181869721,10219.566994612787,9604.856079147768,9950.630859375,3439301
2014-05-16,9796.954355736667,10373.2451171875,9796.954355736667,10373.2451171875,1474758
2014-05-19,10411.664001932584,10526.9228515625,10219.567382174011,10526.9228515625,1344960
2014-05-20,10373.245052459195,10526.92323158867,10181.148425765856,10488.50390625,657109
2014-05-21,10526.923614409137,10526.923614409137,10334.826102955209,10450.0849609375,676925
2014-05-22,10450.084646119112,10488.503971697513,10373.2451171875,10373.2451171875,1083749
2014-05-23,10373.243839678289,10373.243839678289,10104.30859375,10104.30859375,1154707
2014-05-26,10296.406401781858,10488.50390625,10104.309775088519,10488.50390625,748468
2014-05-27,10488.502438909612,10949.53515625,10450.083118945802,10949.53515625,1128154
2014-05-28,10949.53762799137,11180.054477585625,10949.53762799137,11103.2158203125,1987025
2014-05-29,11141.635224614798,11218.473882409755,10911.118373455043,10987.95703125,842635
2014-05-30,10987.955615498484,11141.6337890625,10911.11696760386,11141.6337890625,929853
2014-06-02,11141.635148949063,11141.635148949063,11103.2158203125,11103.2158203125,53732
2014-06-03,11141.635148949063,11141.635148949063,11064.795613901058,11103.2158203125,537324
2014-06-04,10987.954476213808,11064.793116141427,10872.696516322381,10949.53515625,159791
2014-06-05,10757.438855416513,10719.01953125,10911.117029857342,10719.01953125,487842
2014-06-06,10949.536943173898,11141.634452117225,10872.698290706496,11064.794921875,775630
2014-06-09,11103.215125883524,11180.053778350926,11026.375595641299,11064.794921875,874312
2014-06-10,11103.21589571732,11141.635224614798,10987.95703125,10987.95703125,711948
2014-06-11,11064.79485515656,11180.0537109375,11026.37552915452,11180.0537109375,771232
2014-06-12,11333.729441470583,11679.504205259442,11295.310120802342,11448.98828125,1252454
2014-06-13,11564.2470703125,11602.666393728434,11487.408423480634,11564.2470703125,671169
2014-06-16,11487.4091796875,11487.4091796875,11333.730998132496,11487.4091796875,1619131
2014-06-17,11448.99044569955,11525.8291015625,11410.570239993214,11525.8291015625,1200633
2014-06-18,11848.61040652221,11984.80182833845,11712.419886612024,11803.2138671875,2559588
2014-06-19,11712.419957688959,11757.81649729916,11440.038014309583,11621.6259765625,961371
2014-06-20,11621.628075089842,11757.818620418544,11303.8486328125,11303.8486328125,3383618
2014-06-23,11303.847417663135,11939.405331989921,11303.847417663135,11894.0087890625,2335419
2014-06-24,11848.61040652221,11939.404387097684,11803.2138671875,11803.2138671875,1313077
2014-06-25,11803.213777993968,11984.80173777271,11803.213777993968,11939.404296875,1485532
2014-06-26,11939.404316838882,12075.595737853688,11894.007777771314,11984.8017578125,1688116
2014-06-27,11984.80173777271,12030.198276764371,11939.404296875,11939.404296875,977707
2014-06-30,12030.199319750891,12030.199319750891,11848.611344228952,11894.0087890625,133110
2014-07-01,11939.404387097684,11939.404387097684,11757.816425946736,11803.2138671875,920846
2014-07-02,11894.007827838092,11894.007827838092,11712.419866991338,11757.81640625,626470
2014-07-03,11803.213847414714,11848.610386673376,11712.419866991338,11757.81640625,511323
2014-07-04,11757.815402328913,11894.006812288531,11712.418866946358,11848.609375,852409
2014-07-07,11894.007757883339,11984.80173777271,11848.61031698563,11939.404296875,979823
2014-07-08,11939.405331989921,11939.405331989921,11848.611344228952,11894.0087890625,361612
2014-07-09,11894.007827838092,11894.007827838092,11757.81640625,11757.81640625,531342
2014-07-10,11757.817425796324,11848.611414092647,11667.0234375,11667.0234375,554513
2014-07-11,11712.420882601227,11712.420882601227,11621.626894304904,11667.0234375,591051
2014-07-14,11667.0234375,11712.420882601227,11576.229449203676,11667.0234375,233995
2014-07-15,11712.4208984375,11757.817441693976,11667.023453274891,11712.4208984375,539276
2014-07-16,11712.418866946358,11894.006812288531,11712.418866946358,11848.609375,797928
2014-07-17,11803.213847414714,11894.007827838092,11757.81640625,11757.81640625,413428
2014-07-18,11848.611344228952,11894.0087890625,11757.817356467984,11894.0087890625,796138
2014-07-21,11894.0087890625,11894.0087890625,11894.0087890625,11894.0087890625,482760
2014-07-22,11803.214886856586,11712.4208984375,11712.4208984375,11712.4208984375,261581
2014-07-23,11667.022425826624,11757.81640625,11757.81640625,11757.81640625,110325
2014-07-24,11712.419886612024,11803.2138671875,11803.2138671875,11803.2138671875,362243
2014-07-25,11712.4208984375,11712.4208984375,11712.4208984375,11712.4208984375,412167
2014-07-28,11712.419957688959,11621.6259765625,11621.6259765625,11621.6259765625,391966
2014-07-29,11576.229464855805,11712.4208984375,11712.4208984375,11712.4208984375,340801
2014-07-30,11621.6259765625,11621.6259765625,11621.6259765625,11621.6259765625,187591
2014-07-31,11576.22853504624,11621.6259765625,11621.6259765625,11621.6259765625,334107
2014-08-01,11576.229464855805,11712.4208984375,11712.4208984375,11712.4208984375,302330
2014-08-04,11576.228445403247,11757.81640625,11757.81640625,11757.81640625,502962
2014-08-05,11757.817356467984,11894.0087890625,11894.0087890625,11894.0087890625,1077962
2014-08-06,11894.007847762974,11803.2138671875,11803.2138671875,11803.2138671875,271347
2014-08-07,11757.816425946736,11803.2138671875,11803.2138671875,11803.2138671875,650374
2014-08-08,11757.81640625,11757.81640625,11757.81640625,11757.81640625,336223
2014-08-11,11712.420882601227,11667.0234375,11667.0234375,11667.0234375,446080
2014-08-12,11667.023453274891,11712.4208984375,11712.4208984375,11712.4208984375,137382
2014-08-13,11712.419886612024,11803.2138671875,11803.2138671875,11803.2138671875,421098
2014-08-14,11803.213847414714,11757.81640625,11757.81640625,11757.81640625,418860
2014-08-15,11667.0234375,11667.0234375,11667.0234375,11667.0234375,405250
2014-08-18,11667.023453274891,11712.4208984375,11712.4208984375,11712.4208984375,391843
2014-08-19,11712.4208984375,11712.4208984375,11712.4208984375,11712.4208984375,768267
2014-08-20,11667.02232367385,12030.1982421875,12030.1982421875,12030.1982421875,2771958
2014-08-21,12030.198161540338,12347.9775390625,12347.9775390625,12347.9775390625,2582679
2014-08-22,12347.9775390625,12347.9775390625,12347.9775390625,12347.9775390625,1592907
2014-08-25,12347.978400924127,12438.771484375,12438.771484375,12438.771484375,2180052
2014-08-26,12438.77046365582,12665.755859375,12665.755859375,12665.755859375,2186766
2014-08-27,12529.5654296875,12529.5654296875,12529.5654296875,12529.5654296875,809077
2014-08-28,12529.565487100866,12484.1689453125,12484.1689453125,12484.1689453125,886160
2014-08-29,12484.16881001835,12711.1533203125,12711.1533203125,12711.1533203125,1555352
2014-09-01,12711.1533203125,12711.1533203125,12711.1533203125,12711.1533203125,0
2014-09-02,12711.1533203125,12711.1533203125,12711.1533203125,12711.1533203125,0
2014-09-03,12711.152332878326,12847.34375,12711.152332878326,12847.34375,1011112
2014-09-04,12756.549657752623,13074.328125,12756.549657752623,13074.328125,2569069
2014-09-05,13074.329044634378,13301.314453125,13074.329044634378,13301.314453125,1193821
2014-09-08,13301.314453125,13301.314453125,13301.314453125,13301.314453125,674888
2014-09-09,13301.313549607374,13301.313549607374,12983.5341796875,12983.5341796875,1465595
2014-09-10,13074.328156535175,12983.5341796875,12983.5341796875,12983.5341796875,1273874
2014-09-11,12938.1376953125,12938.1376953125,12938.1376953125,12938.1376953125,267196
2014-09-12,12892.740255749351,12938.1376953125,12938.1376953125,12938.1376953125,346700
2014-09-15,12938.137771533584,12620.3583984375,12620.3583984375,12620.3583984375,1117490
2014-09-16,12574.962913363512,12574.962913363512,12438.771484375,12438.771484375,1559441
2014-09-17,12438.770616176216,12347.9775390625,12347.9775390625,12347.9775390625,625798
2014-09-18,12347.97845806449,12393.375,12393.375,12393.375,217944
2014-09-19,12257.18367744082,12257.18367744082,11939.404296875,11939.404296875,3116584
2014-09-22,12166.3896484375,12166.3896484375,12166.3896484375,12166.3896484375,1062887
2014-09-23,12166.3896484375,12166.3896484375,12166.3896484375,12166.3896484375,283431
2014-09-24,12166.390608358779,12166.390608358779,12120.9931640625,12120.9931640625,1521968
2014-09-25,12075.59568295473,12075.59568295473,12030.1982421875,12030.1982421875,1665311
2014-09-26,12166.389717894874,12166.389717894874,11984.8017578125,11984.8017578125,1131243
2014-09-29,11939.405331989921,11939.405331989921,11894.0087890625,11894.0087890625,2026639
2014-09-30,11803.212839617445,11848.609375,11803.212839617445,11848.609375,2215146
2014-10-01,12030.19829688007,12030.19829688007,11984.8017578125,11984.8017578125,2353199
2014-10-02,12030.199001221665,12438.771484375,12030.199001221665,12438.771484375,1285694
2014-10-03,12484.1689453125,12484.1689453125,12484.1689453125,12484.1689453125,1705124
2014-10-06,12393.374077619357,12393.374077619357,12347.9775390625,12347.9775390625,855481
2014-10-07,12347.9775390625,12347.9775390625,12347.9775390625,12347.9775390625,490613
2014-10-08,12347.976589223139,12347.976589223139,12257.1826171875,12257.1826171875,289839
2014-10-09,12257.183560042746,12347.9775390625,12257.183560042746,12347.9775390625,616644
2014-10-10,12393.373124287975,12393.373124287975,12257.1826171875,12257.1826171875,494336
2014-10-13,12257.1826171875,12257.1826171875,12257.1826171875,12257.1826171875,434728
2014-10-14,12166.390608358779,12166.390608358779,12120.9931640625,12120.9931640625,214078
2014-10-15,12030.19913661734,12211.787109375,12030.19913661734,12211.787109375,545501
2014-10-16,12120.9931640625,12120.9931640625,12120.9931640625,12120.9931640625,758074
2014-10-17,12030.19829688007,12030.19829688007,11984.8017578125,11984.8017578125,1108458
2014-10-20,11984.802692564854,12075.5966796875,11984.802692564854,12075.5966796875,174957
2014-10-21,12120.9931640625,12120.9931640625,12120.9931640625,12120.9931640625,168630
2014-10-22,12030.199177376058,12120.9931640625,12030.199177376058,12120.9931640625,416500
2014-10-23,12075.59568295473,12075.59568295473,12030.1982421875,12030.1982421875,640894
2014-10-24,11984.801703326317,12030.1982421875,11984.801703326317,12030.1982421875,234260
2014-10-27,12030.19836767316,12030.19836767316,11803.2138671875,11803.2138671875,307213
2014-10-28,11803.213744069491,12030.1982421875,11803.213744069491,12030.1982421875,458755
2014-10-29,11894.007757883339,11939.404296875,11894.007757883339,11939.404296875,248460
2014-10-30,12030.199177376058,12120.9931640625,12030.199177376058,12120.9931640625,346314
2014-10-31,12166.391353043518,12574.9638671875,12166.391353043518,12574.9638671875,1739688
2014-11-03,12574.963715273234,12801.9482421875,12574.963715273234,12801.9482421875,1183445
2014-11-04,12801.947443549374,12801.947443549374,12484.1689453125,12484.1689453125,717163
2014-11-05,12529.565469731975,12529.565469731975,12438.771484375,12438.771484375,426632
2014-11-06,12438.770616176216,12438.770616176216,12347.9775390625,12347.9775390625,258916
2014-11-07,12257.183560042746,12347.9775390625,12257.183560042746,12347.9775390625,397845
2014-11-10,12302.581014222875,12393.375,12302.581014222875,12393.375,689373
2014-11-11,12347.9775390625,12347.9775390625,12347.9775390625,12347.9775390625,346558
2014-11-12,12393.375,12393.375,12393.375,12393.375,206897
2014-11-13,12438.771541935508,12438.771541935508,12393.375,12393.375,349101
2014-11-14,12393.374959829664,12484.1689453125,12393.374959829664,12484.1689453125,382526
2014-11-17,12393.375,12393.375,12393.375,12393.375,337851
2014-11-18,12484.167096323616,12484.167096323616,12257.1826171875,12257.1826171875,233181
2014-11-19,12393.375183663704,12393.375183663704,12075.5966796875,12075.5966796875,242560
2014-11-20,12075.595602003235,12347.9775390625,12075.595602003235,12347.9775390625,419491
2014-11-21,12347.978418041297,12484.1689453125,12347.978418041297,12484.1689453125,928312
2014-11-24,12257.184415567153,12438.771484375,12257.184415567153,12438.771484375,456171
2014-11-25,12438.771444620703,12529.5654296875,12438.771444620703,12529.5654296875,779497
2014-11-26,12620.35760342409,12620.35760342409,12257.1826171875,12257.1826171875,1001794
2014-11-27,12257.184472287367,12393.375,12257.184472287367,12393.375,74011
2014-11-28,12393.375882699915,12574.9638671875,12393.375882699915,12574.9638671875,1319505
2014-12-01,12393.375732979357,12801.9482421875,12393.375732979357,12801.9482421875,1103921
2014-12-02,12801.946342571728,12801.946342571728,12756.5498046875,12756.5498046875,588895
2014-12-03,12620.358293181334,13028.931640625,12620.358293181334,13028.931640625,1328986
2014-12-04,12938.138521064868,13301.314453125,12938.138521064868,13301.314453125,1431356
2014-12-05,13301.314198641347,13755.283203125,13301.314198641347,13755.283203125,2222775
2014-12-08,13619.09346185612,14254.6513671875,13619.09346185612,14254.6513671875,1699387
2014-12-09,14254.650355902893,14345.4443359375,14254.650355902893,14345.4443359375,2125266
2014-12-10,14300.047186632859,14300.047186632859,13619.0927734375,13619.0927734375,1675157
2014-12-11,13165.123907567408,13482.9033203125,13165.123907567408,13482.9033203125,1512894
2014-12-12,13482.902076359824,14073.0625,13482.902076359824,14073.0625,495089
2014-12-15,13846.078183586922,13846.078183586922,13800.681640625,13800.681640625,1280709
2014-12-16,13800.681598385421,13891.4755859375,13800.681598385421,13891.4755859375,1737959
2014-12-17,13709.88666343906,13755.283203125,13709.88666343906,13755.283203125,2880147
2014-12-18,13846.078183586922,13846.078183586922,13800.681640625,13800.681640625,2255427
2014-12-19,13709.886084781847,13709.886084781847,12847.34375,12847.34375,9926625
2014-12-22,13028.93143683759,13528.2978515625,13028.93143683759,13528.2978515625,1060873
2014-12-23,13301.315117802047,13891.4755859375,13301.315117802047,13891.4755859375,2817712
2014-12-24,13755.285218211327,13755.285218211327,13709.888671875,13709.888671875,887665
2014-12-25,13619.093809067259,13619.093809067259,13573.697265625,13573.697265625,825453
2014-12-26,13573.696091426373,13982.2685546875,13573.696091426373,13982.2685546875,3861680
2014-12-29,14027.664901554248,14390.8408203125,14027.664901554248,14390.8408203125,2879720
2014-12-30,14390.839838801416,14527.03125,14390.839838801416,14527.03125,2457950
2014-12-31,14481.6357421875,14481.6357421875,14481.6357421875,14481.6357421875,1737898
2015-01-01,14481.6357421875,14481.6357421875,14481.6357421875,14481.6357421875,0
2015-01-02,14481.6357421875,14481.6357421875,14481.6357421875,14481.6357421875,0
2015-01-05,14390.841756590817,14481.6357421875,14390.841756590817,14481.6357421875,630681
2015-01-06,14481.635310306412,15434.9716796875,14481.635310306412,15434.9716796875,3427134
2015-01-07,15480.368296450219,15480.368296450219,15253.3837890625,15253.3837890625,2909870
2015-01-08,15298.780217318385,15707.3544921875,15298.780217318385,15707.3544921875,1839577
2015-01-09,15843.546371999508,16751.486328125,15843.546371999508,16751.486328125,4652000
2015-01-12,16796.877009188545,16887.671875,16796.877009188545,16887.671875,6224685
2015-01-13,16796.876953125,16796.876953125,16796.876953125,16796.876953125,3044017
2015-01-14,16706.085777226705,16978.466796875,16706.085777226705,16978.466796875,4758073
2015-01-15,16887.67388694496,16887.67388694496,16706.0859375,16706.0859375,2204831
2015-01-16,16706.086049880098,16706.086049880098,16479.1015625,16479.1015625,1379377
2015-01-19,16524.500284803784,16524.500284803784,16070.53125,16070.53125,1876928
2015-01-20,16070.531052600916,16342.912109375,16070.531052600916,16342.912109375,1632374
2015-01-21,16342.912310119822,16342.912310119822,16070.53125,16070.53125,1091653
2015-01-22,16070.532995559395,16433.708984375,16070.532995559395,16433.708984375,3874110
2015-01-23,16569.898360862248,16842.28125,16569.898360862248,16842.28125,2785752
2015-01-26,16842.279284479268,16842.279284479268,16615.29296875,16615.29296875,1014286
2015-01-27,16569.894635927238,16569.894635927238,16479.1015625,16479.1015625,2114972
2015-01-28,16479.10129355113,16978.466796875,16479.10129355113,16978.466796875,2729806
2015-01-29,16978.47086620327,16978.47086620327,16751.486328125,16751.486328125,1204115
2015-01-30,16706.088079065903,16706.088079065903,16206.720703125,16206.720703125,2362252
2015-02-02,16115.927618669684,16388.308675847853,16070.531076442026,16206.720703125,123725
2015-02-03,16161.32267929432,16252.117559238162,15117.1923828125,15117.1923828125,303673
2015-02-04,14754.018420514267,15117.194380661911,14481.636450403534,15026.400390625,277871
2015-02-05,15207.986037888255,15888.941309663855,15207.986037888255,15843.54296875,165731
2015-02-06,15888.943080147452,16342.912109375,15888.943080147452,16342.912109375,140112
2015-02-09,16252.120989967198,16660.69352643164,16115.929543208236,16433.708984375,205725
2015-02-10,16524.49609375,16751.480553582565,16479.09956254584,16524.49609375,120633
2015-02-11,16524.501813943425,16933.074343837645,16479.105267024603,16842.28125,108184
2015-02-12,16978.467073973814,16978.467073973814,16479.1015625,16479.1015625,117709
2015-02-13,16479.10340081938,16706.087913520638,16479.10340081938,16569.896484375,78995
2015-02-16,16569.896484375,16569.896484375,16569.896484375,16569.896484375,0
2015-02-17,16569.896484375,16569.896484375,16569.896484375,16569.896484375,0
2015-02-18,16569.896484375,16569.896484375,16569.896484375,16569.896484375,0
2015-02-19,16569.896484375,16569.896484375,16569.896484375,16569.896484375,0
2015-02-20,16569.896484375,16569.896484375,16569.896484375,16569.896484375,0
2015-02-23,16569.896484375,16569.896484375,16569.896484375,16569.896484375,0
2015-02-24,16569.896484375,16569.896484375,16569.896484375,16569.896484375,0
2015-02-25,17659.421987842154,18113.390953551363,17296.24609375,17296.24609375,181243
2015-02-26,17477.835733651114,18113.3927079647,17432.4391934456,17886.408203125,150697
2015-02-27,17931.805010448625,17931.805010448625,17205.454944904064,17432.439453125,142812
2015-03-02,17387.042912243247,17568.63087958243,17114.660059328387,17432.439453125,63257
2015-03-03,17387.042856030035,17704.820444987083,17250.851430012917,17477.8359375,114987
2015-03-04,17614.02734375,17614.02734375,17296.24795133741,17614.02734375,90790
2015-03-05,17568.63300996734,17568.63300996734,17205.45703125,17205.45703125,140926
2015-03-06,17160.058755479746,17250.85365245908,16660.693135436784,16933.07421875,287119
2015-03-09,16933.068482210976,16933.068482210976,16388.304696325744,16524.49609375,240151
2015-03-10,16388.30657501833,16796.879010316483,16388.30657501833,16706.0859375,121430
2015-03-11,16706.087913520638,16751.484455298447,16524.499942597187,16569.896484375,117323
2015-03-12,16524.497988055045,16751.482473908243,16524.497988055045,16706.0859375,76930
2015-03-13,16796.87906277506,16978.467012787136,16660.689453125,16660.689453125,101316
2015-03-16,15888.941248592955,16479.10164008452,15888.941248592955,16025.130859375,420868
2015-03-17,16115.927618669684,16388.308675847853,16115.927618669684,16206.720703125,122218
2015-03-18,16161.325222953294,16297.516662398433,16025.133783508156,16252.1201171875,62057
2015-03-19,16161.322318301878,16161.322318301878,16025.130903334228,16115.92578125,208390
2015-03-20,16025.132706628385,16524.50008182846,16025.132706628385,16342.912109375,825643
2015-03-23,16342.915273022732,16433.710178731577,15934.342706864363,15979.7392578125,201349
2015-03-24,15888.941248592955,16070.52920011436,15661.954956332189,16025.130859375,333629
2015-03-25,15934.339818033968,16115.92779271793,15888.943275316038,16070.53125,134576
2015-03-26,15843.545012604653,16206.720963893924,15843.545012604653,15888.943359375,272439
2015-03-27,15888.941248592955,16161.322273969057,15843.542907853594,16025.130859375,295401
2015-03-30,15934.337890625,16115.925843344181,15934.337890625,15934.337890625,135205
2015-03-31,15934.337890625,16161.32238057097,15888.941353398212,15934.337890625,137764
2015-04-01,15934.339902333097,16025.132988249288,15798.148469646556,15888.943359375,179372
2015-04-02,15888.943103719173,16252.119049164881,15843.544757679292,16206.720703125,109556
2015-04-03,16206.720703125,16252.119049164881,16115.927618669684,16206.720703125,88540
2015-04-06,16115.92578125,16206.718855353754,16115.92578125,16115.92578125,70414
2015-04-07,16115.928677742362,16297.516662398433,15934.340693086291,16252.1201171875,141609
2015-04-08,16206.718855353754,16252.11719621765,16070.529244198122,16115.92578125,211542
2015-04-09,16070.532132531429,16433.70810184357,16070.532132531429,16252.1201171875,108288
2015-04-10,16252.119025054379,16524.50008182846,16252.119025054379,16342.912109375,115197
2015-04-13,16433.703031341687,16524.49609375,16342.90816512159,16524.49609375,135677
2015-04-14,16615.289156158313,16660.687491174253,16479.09956254584,16524.49609375,221933
2015-04-15,16479.103343887076,16660.691314183172,16479.103343887076,16615.29296875,139388
2015-04-16,16615.29478504092,17069.265662312806,16569.89823845745,16933.07421875,210402
2015-04-17,16933.07026090228,17114.658208605135,16933.07026090228,16978.466796875,186795
2015-04-20,17023.869115729336,17023.869115729336,16751.486228603724,16933.07421875,107120
2015-04-21,16842.277403137075,16933.070476237117,16615.291112762985,16660.689453125,139433
2015-04-22,16660.68736058005,16842.275287785087,16660.68736058005,16796.876953125,136255
2015-04-23,16796.876953125,16842.275287785087,16660.68736058005,16796.876953125,83127
2015-04-24,16887.671875,16933.06840599984,16796.877009188545,16887.671875,37658
2015-04-27,16842.281520839446,16933.074616137128,16433.708984375,16433.708984375,40907
2015-04-28,16433.708984375,16433.708984375,16433.708984375,16433.708984375,0
2015-04-29,16433.708984375,16433.708984375,16433.708984375,16433.708984375,0
2015-04-30,16433.708984375,16433.708984375,16433.708984375,16433.708984375,0
2015-05-01,16433.708984375,16433.708984375,16433.708984375,16433.708984375,0
2015-05-04,16433.709066758398,16660.69360995293,16115.929623998582,16161.326171875,104006
2015-05-05,16161.32016375547,16887.671875,16115.923632755632,16887.671875,96391
2015-05-06,16796.882899268767,16978.470890756467,16660.6932585123,16842.28125,87432
2015-05-07,16842.275307308526,17114.65629652594,16751.480441694872,17069.259765625,139579
2015-05-08,17069.263498813576,17750.21882650532,16933.072072512794,17568.630859375,210797
2015-05-11,17568.630747046427,17795.615253555014,17523.232402694986,17659.423828125,63660
2015-05-12,17750.21873244419,17750.21873244419,17387.042800108076,17523.232421875,88085
2015-05-13,17523.230576604605,17523.230576604605,17023.865075086866,17296.24609375,74061
2015-05-14,17160.056655979202,17477.83605080858,17160.056655979202,17387.04296875,12592
2015-05-15,17387.042912243247,17659.423961345936,17205.454944904064,17432.439453125,94749
2015-05-18,17205.454833940017,17568.630766276132,17114.65994894991,17523.232421875,113246
2015-05-19,17387.04473046804,17931.806885641123,17296.24983539762,17750.220703125,71380
2015-05-20,17750.22054814927,18022.601623357677,17704.822199104252,17977.205078125,98210
2015-05-21,18158.791015625,18385.775520010233,18022.599591469003,18158.791015625,139471
2015-05-22,18294.98204304778,19202.921934231097,18158.79241222949,19157.525390625,260839
2015-05-25,18975.9336426378,19248.31465397556,18885.140573462515,19066.728515625,139644
2015-05-26,19066.73022456087,19793.08025450106,19021.331882092294,19520.69921875,206793
2015-05-27,19157.525276525423,19793.082294662312,19157.525276525423,19475.3046875,154149
2015-05-28,19339.1150675941,20065.46704434293,19293.718520000406,19566.099609375,213334
2015-05-29,19429.904324249608,19974.668199188804,19384.507785624362,19656.890625,219858
2015-06-01,19656.890098728436,20882.60743166658,19656.890098728436,20746.416015625,245654
2015-06-02,20837.2109375,21881.34212296562,20791.81439999594,20837.2109375,427561
2015-06-03,20882.609799805647,21109.59431640753,19974.66992958588,20201.65625,135807
2015-06-04,20110.861361071904,20655.625283203764,19929.27338702795,20201.65625,81987
2015-06-05,19974.669734673877,20746.41816587693,19838.480108329022,20474.037109375,122502
2015-06-08,20474.03519855666,20837.211109205917,20247.05070535389,20564.830078125,92137
2015-06-09,20428.640792294667,20564.832223951977,19929.27341209269,20065.46484375,140590
2015-06-10,20156.256157501866,20156.256157501866,19429.904324249608,19656.890625,128256
2015-06-11,19793.08017334257,20247.05096948234,19475.30260023801,19838.478515625,163843
2015-06-12,19793.080078125,19974.668034944938,19747.683539873033,19793.080078125,52336
2015-06-15,19793.07991513629,20564.830078125,19793.07991513629,20564.830078125,92379
2015-06-16,20564.832198087905,20655.625283203764,20201.65625,20201.65625,73431
2015-06-17,19974.667903747762,20474.035232675677,19929.271365793968,20156.255859375,55441
2015-06-18,20110.861278767687,20610.228656297943,20110.861278767687,20383.244140625,94127
2015-06-19,20337.84345025318,21109.591796875,20292.44691311355,21109.591796875,366283
2015-06-22,21154.991920230696,21608.9609375,21154.991920230696,21608.9609375,125049
2015-06-23,21563.564396535505,21654.357478464495,21336.57988790085,21608.9609375,81424
2015-06-24,21608.961036456058,21654.35757762844,21291.181640625,21291.181640625,102382
2015-06-25,21291.181640625,21518.167954111286,21109.59367212328,21291.181640625,101290
2015-06-26,21507.127185877074,21599.23391138443,20586.05078125,20586.05078125,140200
2015-06-29,20355.78026172876,21737.393826394462,20309.72690321903,21645.287109375,162968
2015-06-30,21461.07277855493,22520.309219887135,21461.07277855493,22474.255859375,258048
2015-07-01,22474.26155584141,22520.31492802652,21783.45365342043,22336.099609375,110571
2015-07-02,22290.04007858957,23717.70703125,22243.986719128716,23717.70703125,198871
2015-07-03,23717.706852903946,25329.59089110832,23717.706852903946,25099.322265625,159555
2015-07-06,25099.322265625,25559.85951659164,24408.514559264473,25099.322265625,250169
2015-07-07,24869.0546875,25790.129228224272,24638.784222408292,24869.0546875,204140
2015-07-08,24869.054893904526,25099.323530996742,23257.170774437694,23947.978515625,336779
2015-07-09,23717.71084167083,25099.326486747475,23257.17351325253,24178.25,219681
2015-07-10,24869.057822538325,24869.057822538325,24178.25,24178.25,94574
2015-07-13,24408.518664209154,24638.787328418304,23947.98133579085,24178.25,106852
2015-07-14,24178.25,24408.518664209154,23026.904849043374,24178.25,104716
2015-07-15,24178.249206105604,24178.249206105604,23487.44140625,23487.44140625,81511
2015-07-16,23487.44140625,23947.980549457337,23026.90409295347,23487.44140625,76450
2015-07-17,23717.710062898263,23947.980549457337,23487.44140625,23487.44140625,69844
2015-07-20,23487.43922166714,23487.43922166714,22704.524763935966,22750.578125,86760
2015-07-21,22750.581344537513,23257.173877664027,22520.312676720332,22658.474609375,123214
2015-07-22,22658.471586033666,24178.247152717217,22566.36303325039,23947.978515625,224594
2015-07-23,24178.246115590242,24408.514742805077,23717.70703125,23717.70703125,81208
2015-07-24,23717.709170977712,23947.97964887731,23257.171875,23257.171875,71995
2015-07-27,23257.172749601734,23717.710062898263,23026.90409295347,23487.44140625,188258
2015-07-28,23717.70703125,24408.514742805077,23487.438404035165,23717.70703125,152245
2015-07-29,23717.710062898263,23947.980549457337,23487.44140625,23487.44140625,80726
2015-07-30,23487.44140625,23487.44140625,23026.90409295347,23487.44140625,65257
2015-07-31,23717.706893062146,23717.706893062146,22980.84765625,22980.84765625,75962
2015-08-03,22934.794665679972,22934.794665679972,21553.180948088455,22059.7734375,225154
2015-08-04,21967.664486943908,22151.87976798428,21184.75,21184.75,151971
2015-08-05,21184.751321844036,21553.18190691338,21046.589394965325,21230.8046875,209167
2015-08-06,21230.8048990962,21599.235487837497,20678.160845895094,20770.267578125,181624
2015-08-07,20770.26688540802,20862.375444476813,20263.67438530658,20678.16015625,279104
2015-08-10,20539.998888344795,21368.966796875,20539.998888344795,21368.966796875,83900
2015-08-11,21553.181823655003,22059.774333646124,21322.913166353876,21691.34375,306775
2015-08-12,21461.07292763439,21553.17964929848,20862.37374708591,20954.48046875,211265
2015-08-13,20954.47957774953,20954.47957774953,20217.61851612618,20263.671875,2406806
2015-08-14,20263.676191955878,20447.891496606786,19526.814973352255,19941.30078125,312645
2015-08-17,19987.35433832322,20171.569644710424,18559.685256344652,18882.0625,3159042
2015-08-18,18882.063211297154,19572.87109375,18789.956469589324,19572.87109375,2125877
2015-08-19,19480.761604667263,20033.40751861998,18974.17088931048,19941.30078125,2289279
2015-08-20,19711.030737829675,20033.407985967035,19434.70868936264,19757.0859375,1563856
2015-08-21,19434.703830384427,19526.810546875,18697.842778817747,19526.810546875,2345937
2015-08-24,19342.59882019663,19342.59882019663,18191.251953125,18191.251953125,4218186
2015-08-25,17500.446393689883,18743.89818139472,17500.446393689883,18467.576171875,3958842
2015-08-26,18467.57851810653,19250.493112774406,18467.57851810653,18882.0625,2094527
2015-08-27,19204.43421523659,19711.024789534942,19020.2189618798,19158.380859375,2992934
2015-08-28,19158.381841719405,19987.349609375,19158.381841719405,19987.349609375,4346699
2015-08-31,20033.408462111212,20079.461832965128,19572.87109375,19572.87109375,2663241
2015-09-01,19618.924464603915,19803.139777930606,19342.602409569394,19572.87109375,1338445
2015-09-02,19572.87109375,19572.87109375,19572.87109375,19572.87109375,0
2015-09-03,19480.75618031656,19711.024789534942,19020.2189618798,19158.380859375,2923215
2015-09-04,19158.380453669226,19480.755767784034,19158.380453669226,19342.595703125,1108824
2015-09-07,19342.60092954492,19618.922963436296,19296.545732303948,19388.654296875,1207146
2015-09-08,19388.650336941857,20447.88671875,19342.5969790177,20447.88671875,5499405
2015-09-09,20862.373941903836,21461.073128043117,20724.21202820688,21092.642578125,3689896
2015-09-10,20724.212712354423,21553.180562080746,20632.104156878882,21184.75,2825788
2015-09-11,20954.48070490372,21230.80270292073,20539.99679292288,20632.103515625,1815001
2015-09-14,20586.04991953122,21046.587187611607,19895.2421875,19895.2421875,2362130
2015-09-15,19895.243255779522,19987.35181228777,19618.92124607624,19664.974609375,1481219
2015-09-16,19803.134626440682,20309.727063784376,19803.134626440682,20263.671875,1166255
2015-09-17,20401.83420995757,20401.83420995757,20079.45703125,20079.45703125,791825
2015-09-18,20263.671875,20632.10240581168,20263.671875,20263.671875,6297944
2015-09-21,20263.673582152845,20632.104144003675,20263.673582152845,20586.05078125,750364
2015-09-22,20586.051411037584,20770.266697598683,20447.88948863907,20539.998046875,605027
2015-09-23,20447.888168275535,20539.99672056382,20263.672893609604,20493.943359375,1522253
2015-09-24,20586.052498229405,20724.214427924537,20309.73046875,20309.73046875,1121152
2015-09-25,20309.727063784376,20401.83378153202,20217.61851612618,20263.671875,952359
2015-09-28,20309.72920961795,20309.72920961795,19803.13671875,19803.13671875,2050401
2015-09-29,19664.973981920677,19757.082535489993,19480.758704692707,19711.02734375,1843544
2015-09-30,19849.192677018684,19987.354616207693,19757.0859375,19757.0859375,699687
2015-10-01,19803.13671875,19895.24344622922,19757.08335501039,19803.13671875,570097
2015-10-02,19849.19008248961,20033.405367358795,19664.974797620423,19803.13671875,842115
2015-10-05,19941.2995184627,20125.514811448127,19803.13759124592,20033.40625,683717
2015-10-06,20263.675850660115,20908.430321034324,20263.675850660115,20862.376953125,2664278
2015-10-07,21000.53363087073,21368.964173862187,20816.318359375,20816.318359375,3105904
2015-10-08,20908.430319793377,21691.3448938491,20908.430319793377,21599.236328125,2722340
2015-10-09,21875.558667890786,21875.558667890786,21415.01953125,21415.01953125,1446553
2015-10-12,21553.18162397443,22290.04278443999,21461.074893871635,22151.880859375,3098458
2015-10-13,22013.72007389279,22105.82680110721,21875.558153160415,22059.7734375,1502539
2015-10-14,22059.773693183466,22059.773693183466,21737.396484375,21737.396484375,1873897
2015-10-15,21829.501953125,21921.608668371486,21691.340050344766,21829.501953125,1026187
2015-10-16,21829.506131134374,22013.72142679532,21507.12890625,21507.12890625,1387678
2015-10-19,21507.127199298327,21507.127199298327,21184.75,21184.75,1774171
2015-10-20,21230.803099768942,21230.803099768942,20862.374372163107,20908.427734375,1911350
2015-10-21,20908.4264842085,21461.07228743922,20908.4264842085,21000.533203125,1351364
2015-10-22,21184.74887130687,21276.857421875,21000.533600081228,21276.857421875,732767
2015-10-23,21461.076224405224,21691.3448938491,21415.021026587718,21599.236328125,1546747
2015-10-26,21691.34420191095,21737.39756834847,21507.12890625,21507.12890625,1542169
2015-10-27,21461.07421875,21599.23430955796,21368.965661633953,21461.07421875,805516
2015-10-28,21461.075175601458,21507.128541257418,21184.751321844036,21230.8046875,1348333
2015-10-29,21276.86024415153,21507.12890625,21184.75168136563,21507.12890625,1542332
2015-10-30,21507.128695931653,21967.666015625,21507.128695931653,21967.666015625,3481798
2015-11-02,21967.666015625,22336.096603344013,21921.61264963783,21967.666015625,2501425
2015-11-03,21967.665067060578,22197.935546875,21691.34305315833,22197.935546875,1455911
2015-11-04,22243.98891087358,22474.25756077725,22197.935546875,22197.935546875,1904087
2015-11-05,22013.72007389279,22151.88016471442,21967.664880374836,22059.7734375,762672
2015-11-06,22059.772809578677,22336.094813267304,21783.44897597936,22105.826171875,1693243
2015-11-09,22105.827418319004,22704.526651661115,22013.72068853289,22612.419921875,2277418
2015-11-10,22566.363650025887,22612.418842631618,22243.98828125,22243.98828125,1248118
2015-11-11,22243.989871369675,22382.149969331178,21967.666015625,21967.666015625,999902
2015-11-12,21875.55601589226,21967.662734107744,21507.125483209194,21921.609375,1790141
2015-11-13,21967.663361470914,22013.718551804486,21691.34136902256,21875.556640625,1162593
2015-11-16,21691.34375,21921.612407301123,21599.23518913306,21691.34375,868623
2015-11-17,21691.343120234007,22105.82705732446,21645.289756093018,21737.396484375,912851
2015-11-18,21645.289756093018,21875.558406708737,21645.289756093018,21737.396484375,615565
2015-11-19,21829.502373324463,21829.502373324463,21599.23192095473,21645.287109375,730854
2015-11-20,21645.287109375,21783.447184904195,21645.287109375,21645.287109375,545338
2015-11-23,21691.34420191095,21737.39756834847,21507.12890625,21507.12890625,943245
2015-11-24,21507.126053429405,21507.126053429405,21184.74887130687,21276.857421875,819249
2015-11-25,21368.96528104037,21368.96528104037,20954.48135617721,21184.75,795853
2015-11-26,21092.64301313326,21184.749737557046,20908.427734375,20908.427734375,571745
2015-11-27,20770.266507245648,20908.428428377953,20309.72921001896,20401.8359375,1369958
2015-11-30,20355.785234104394,20401.838603863736,19757.0859375,19757.0859375,1988860
2015-12-01,19757.08489533743,19987.353561898726,19342.60092954492,19388.654296875,1790324
2015-12-02,19388.651716923014,19664.97371404559,19342.598355721024,19434.705078125,3533756
2015-12-03,19342.597930822387,19849.18855273728,19342.597930822387,19618.919921875,2006092
2015-12-04,19757.08361147103,19757.08361147103,19388.65303695017,19480.759765625,984400
2015-12-07,19388.65232926624,19388.65232926624,18743.897932432825,18789.953125,2879720
2015-12-08,18789.954820043797,19895.244773060953,18421.524225734454,19849.19140625,1850644
2015-12-09,19849.189886094933,19849.189886094933,18974.168664057113,19066.275390625,1814879
2015-12-10,19066.27665454874,19250.491949807063,18882.061359290412,18974.169921875,826003
2015-12-11,18974.17123983922,19296.546656500657,18789.95593178512,19020.224609375,1177993
2015-12-14,19112.325673602976,19296.54092695977,18974.16560601821,19158.380859375,1290047
2015-12-15,19158.382924553498,20079.457460714282,19158.382924553498,19895.2421875,2539326
2015-12-16,20033.40625,20355.783470202212,19941.2995184627,20033.40625,1348984
2015-12-17,20125.511798378535,20355.780422658197,20079.456609594163,20263.671875,1373946
2015-12-18,20033.406497177235,20309.73035502015,18974.169921875,18974.169921875,6419824
2015-12-21,19342.602409569394,19572.87109375,19342.602409569394,19572.87109375,2101322
2015-12-22,19664.97783545783,19757.08640707669,19480.76252213114,19572.87109375,1022932
2015-12-23,19388.650472139143,19618.9190932761,19342.59711389386,19526.810546875,1722294
2015-12-24,19618.9203528436,19711.027075247577,19434.705078125,19434.705078125,464431
2015-12-25,19480.76252213114,19757.08640707669,19434.709151277224,19572.87109375,1196058
2015-12-28,19711.031206311745,19803.139777930606,19572.87109375,19572.87109375,878002
2015-12-29,19572.866002161023,20309.727063784376,19526.810813376647,20263.671875,2929949
2015-12-30,20309.72921001896,20678.15977976461,20217.620652627174,20401.8359375,2290276
2015-12-31,20493.944942043647,20493.944942043647,20171.567729004655,20217.62109375,1525447
2016-01-04,20171.56601227674,20263.672733928564,19618.92019263389,19895.2421875,1549697
2016-01-05,19757.08640707669,19987.355091257294,19526.815892985054,19572.87109375,2305493
2016-01-06,19572.8680701412,19895.24344622922,19572.8680701412,19803.13671875,1423035
2016-01-07,19711.031206311745,19757.08640707669,19342.602409569394,19572.87109375,1903091
2016-01-08,19480.75843932699,19618.9203528436,19204.436442204413,19434.705078125,1375939
2016-01-11,19434.70488086428,19526.81160233338,19250.48960801545,19296.54296875,1510311
2016-01-12,19342.59923637296,19664.974609375,19342.59923637296,19664.974609375,978623
2016-01-13,19711.028417222846,19757.08361147103,19480.759765625,19480.759765625,913034
2016-01-14,19250.4921875,19434.7074850329,19112.330256872607,19250.4921875,1304817
2016-01-15,19250.48956737992,19342.598118565213,18697.84375,18697.84375,1790568
2016-01-18,18191.253486786387,18421.523977560682,17500.44750419602,17776.76953125,3283669
2016-01-19,17776.767198481248,18605.73683068274,17776.767198481248,18559.681640625,1569206
2016-01-20,18421.5234375,18882.060745725415,18191.2529534765,18421.5234375,1492815
2016-01-21,18191.25062456947,18421.521079112947,18007.037188791583,18145.197265625,1331406
2016-01-22,18421.52191466901,18467.57527570235,17776.767540559656,18237.306640625,1581820
2016-01-25,18421.524870301284,19296.546189969704,18421.524870301284,19204.439453125,2782659
2016-01-26,18651.790389362664,19020.220934282606,18559.681838177366,18697.84375,1335251
2016-01-27,19020.22356462082,19020.22356462082,18651.79296875,18651.79296875,1184137
2016-01-28,18559.684404826858,18789.954899679276,18559.684404826858,18651.79296875,1143673
2016-01-29,18651.79146124806,19066.275390625,18559.68290476945,19066.275390625,2073552
2016-02-01,19066.27564460338,19112.329008500794,18743.8984375,18743.8984375,454320
2016-02-02,18605.73828125,18789.95356611121,18559.68308760164,18605.73828125,1228385
2016-02-03,18421.52191466901,18421.52191466901,18099.144727614334,18237.306640625,1631947
2016-02-04,18421.5234375,18697.84545645309,18421.5234375,18421.5234375,583361
2016-02-05,18237.307525623444,18605.738091590225,18237.307525623444,18467.576171875,545826
2016-02-15,18329.413009978707,18697.843550977017,18145.197739479554,18559.681640625,1629119
2016-02-16,18467.574920330724,18789.952101181894,18467.574920330724,18559.681640625,793514
2016-02-17,18559.680728707193,18697.842632270713,18329.412109375,18329.412109375,1683519
2016-02-18,18421.521560183588,18836.005461329034,18375.466370125847,18559.681640625,1496863
2016-02-19,18697.844818126556,18697.844818126556,18467.576171875,18467.576171875,963629
2016-02-22,18467.576360126408,18651.791644987617,18421.52299638879,18605.73828125,1328640
2016-02-23,18743.90056273186,19158.386374536283,18743.90056273186,18882.0625,2300204
2016-02-24,18882.0605395063,19803.136975808444,18743.898616583283,19480.759765625,3364475
2016-02-25,19572.869415660294,19803.1380800987,19158.385453688985,19250.4921875,2514954
2016-02-26,19342.595703125,19342.595703125,19020.218559099798,19342.595703125,1003280
2016-02-29,19250.493112774406,19342.601680923486,18882.0625,18882.0625,1804565
2016-03-01,18882.060359102987,19112.329008500794,18743.8984375,18743.8984375,1729028
2016-03-02,18928.115582769024,19296.546189969704,18882.06221434667,19204.439453125,1317105
2016-03-03,19296.54092695977,19388.64946859338,19112.325673602976,19158.380859375,945076
2016-03-04,19158.385453688985,19572.869415660294,19112.330256872607,19250.4921875,1385806
2016-03-07,19342.600751221886,19434.7074850329,19204.438820594492,19250.4921875,1154923
2016-03-08,19250.48757109818,19342.596112731793,19066.272317741386,19158.380859375,1578219
2016-03-09,19204.437310387555,19296.54403695544,19020.222027341057,19066.275390625,955207
2016-03-10,19112.325673602976,19204.43421523659,18882.057064384597,19158.380859375,1309699
2016-03-11,19250.48757109818,19296.54092695977,19112.325673602976,19158.380859375,1039064
2016-03-14,19204.439453125,19204.439453125,19020.22414952466,19204.439453125,1641976
2016-03-15,19112.325268872486,19388.649058011342,19112.325268872486,19342.595703125,2632745
2016-03-16,19388.651558593694,20033.40409988837,19388.651558593694,19895.2421875,3794036
2016-03-17,20033.405175586526,20125.513732094772,19664.974609375,19664.974609375,2186908
2016-03-18,19618.924464603915,19711.031206311745,19434.709151277224,19572.87109375,7214661
2016-03-21,19941.30124644835,20217.623294915385,19711.030737829675,19757.0859375,3789703
2016-03-22,19803.138845284084,19941.30078125,19711.03027800316,19941.30078125,1204623
2016-03-23,19941.30124644835,19941.30124644835,19711.030737829675,19757.0859375,1313606
2016-03-24,19757.08489533743,19803.13826266751,19342.60092954492,19388.654296875,1678880
2016-03-25,19342.59861920473,19711.02734375,19158.38334197676,19711.02734375,2810571
2016-03-28,19757.082535489993,19803.13589731932,19618.92062009135,19711.02734375,1086161
2016-03-29,19757.07955692289,19757.07955692289,19342.595703125,19342.595703125,662987
2016-03-30,19158.385630313704,19480.761031535163,19158.385630313704,19388.654296875,904266
2016-03-31,19342.601680923486,19434.70841916161,18882.0625,18882.0625,1908075
2016-04-01,18882.061178395667,19066.276471889163,18789.954446604333,18836.0078125,1128822
2016-04-04,18974.16974009783,19020.223105993497,18651.7925190065,18836.0078125,894155
2016-04-05,18836.00913088094,19066.277806387203,18743.90056273186,18882.0625,1241364
2016-04-06,18882.05666453037,19342.595703125,18836.003309644024,19342.595703125,1872208
2016-04-07,19434.708125147692,19434.708125147692,18928.115582769024,19204.439453125,1208977
2016-04-08,19112.328753908943,19204.437310387555,19020.222027341057,19066.275390625,1329759
2016-04-11,19066.272317741386,19342.596112731793,18836.003708523007,19158.380859375,2005176
2016-04-12,19158.385630313704,19618.922963436296,18882.061766511437,19388.654296875,1974945
2016-04-13,19480.75824159883,19526.81160233338,19250.48960801545,19296.54296875,1289783
2016-04-14,19296.544478364573,19572.8683242106,19250.491114027158,19480.759765625,1574943
2016-04-15,19572.87109375,20033.408462111212,19480.76252213114,19572.87109375,2416428
2016-04-19,19618.9190932761,19941.296260814157,19434.703830384427,19526.810546875,2001636
2016-04-20,19572.867258262027,19711.02734375,19388.651981034058,19711.02734375,1565972
2016-04-21,19711.030737829675,19895.246046778026,19618.92399831099,19757.0859375,1664701
2016-04-22,19757.082764962666,21092.64308289991,19757.082764962666,21046.587890625,5041504
2016-04-25,21138.6953125,21553.179211388328,21138.6953125,21138.6953125,2644809
2016-04-26,20954.481974335093,21737.396484375,20954.481974335093,21737.396484375,1699326
2016-04-27,21737.395843121118,21875.557761379074,21138.696637217585,21184.75,2430221
2016-04-28,21184.74887130687,21553.179413758164,21046.586960409986,21276.857421875,1410422
2016-04-29,21000.53471895963,21553.180562080746,21000.53471895963,21184.75,1477740
2016-05-04,21092.644590532112,21507.128541257418,20816.32073677469,21230.8046875,1521195
2016-05-05,21415.01989731,22013.72096816806,21322.913166353876,21691.34375,2189411
2016-05-06,21829.5044236552,22474.256993081275,21737.395868073927,22382.1484375,3103849
2016-05-09,22382.148175563627,22704.525371459265,22105.826171875,22105.826171875,1691046
2016-05-10,22105.8264305776,22382.1484375,21921.611149325763,22382.1484375,1108234
2016-05-11,22382.149940750725,22658.473796142556,22243.989842965642,22566.365234375,1451456
2016-05-12,22566.363454659608,22704.525371459265,22105.826171875,22105.826171875,994308
2016-05-13,22105.824641341533,22243.98654857532,21645.287390442983,21921.609375,1381839
2016-05-16,21829.504357173355,22243.98828125,21737.3958018726,22243.98828125,767534
2016-05-17,22197.934918554973,22474.256924635833,22059.77300055919,22243.98828125,1349207
2016-05-18,22243.989842965642,22934.795821623553,22197.93647703728,22566.365234375,2561480
2016-05-19,22566.364804659177,22566.364804659177,22151.880859375,22151.880859375,819574
2016-05-20,22382.14590442492,22474.25444958191,21737.39340796801,21829.501953125,2112551
2016-05-23,21783.450565104016,22013.721053205474,21230.8046875,21230.8046875,1426250
2016-05-24,21368.96394189234,21415.01730178869,20954.480043004012,21138.6953125,1541315
2016-05-25,21415.01864382279,21507.127199298327,21184.75,21184.75,554330
2016-05-26,21184.752358401194,21322.914292040085,20862.376953125,20862.376953125,1470742
2016-05-27,20908.430321034324,21000.537056852976,20632.106453756547,20862.376953125,1203301
2016-05-30,21046.589134935868,21553.181640625,20908.429039674942,21553.181640625,1088724
2016-05-31,21599.235639125047,21875.559497571896,21461.07553981248,21507.12890625,997543
2016-06-01,21415.021026587718,21645.291525942506,21415.021026587718,21599.236328125,754718
2016-06-02,21553.181823655003,21783.450480956126,21461.075092698877,21691.34375,591560
2016-06-03,21645.29107105871,21875.559735663403,21645.29107105871,21783.451171875,896006
2016-06-06,21691.341564315626,22336.094105773744,21691.341564315626,22013.71875,1594535
2016-06-07,22105.8274943236,22243.989419388592,21967.66556925861,22151.880859375,886912
2016-06-08,22151.88016471442,22382.148812661217,22013.72007389279,22059.7734375,1856991
2016-06-09,22059.774129272202,22243.989419388592,21967.66556925861,22151.880859375,816624
2016-06-10,22151.884290723476,22612.423502307825,22151.884290723476,22336.099609375,1800517
2016-06-13,22336.09437702186,22520.309652519936,22243.987654228145,22290.041015625,2443608
2016-06-14,22151.879725949242,22382.14836933508,22013.719637864164,22243.98828125,1606680
2016-06-15,22197.93402326098,22197.93402326098,21967.66355925178,22013.71875,1227022
2016-06-16,22059.774577510172,22151.881309484506,21921.61264963783,21967.666015625,1275929
2016-06-17,21783.450480956126,21967.665772779186,21691.34375,21691.34375,1926384
2016-06-20,21691.3448938491,21783.451629662282,21322.914290774534,21599.236328125,1265919
2016-06-21,21599.23192095473,21691.340467884733,21553.178562445,21645.287109375,1073649
2016-06-22,21645.29020070975,21691.343565796727,21415.019715453273,21553.181640625,983180
2016-06-23,21599.23369688338,22105.826171875,21553.180334587058,22105.826171875,1400352
2016-06-24,22059.774146314132,22105.82751140111,20586.05182424451,21553.181640625,1684434
2016-06-27,21368.964142532517,21368.964142532517,20908.426879423707,21276.857421875,695456
2016-06-28,21092.644770668543,21553.18209098292,21092.644770668543,21368.966796875,819920
2016-06-29,21461.07577339278,21829.506368724637,21461.07577339278,21783.451171875,1107786
2016-06-30,21691.34443799747,21875.559735663403,21645.29107105871,21783.451171875,973435
2016-07-01,21783.448089868474,22013.718551804486,21645.288008599604,21875.556640625,1065715
2016-07-04,21875.56004085005,22750.581344537513,21875.56004085005,22658.474609375,2454349
2016-07-05,22750.579385495923,23947.97964887731,22750.579385495923,23257.171875,3374626
2016-07-06,23026.904296875,23717.710272937427,22980.85093111967,23026.904296875,1204399
2016-07-07,23257.172749601734,23487.44140625,22934.795532347678,23487.44140625,1454467
2016-07-08,23487.44140625,24178.249206105604,23026.90409295347,23487.44140625,1697047
2016-07-11,23717.708048622128,24638.784426901653,23487.43941152991,23947.978515625,3129991
2016-07-12,23947.97831686509,24869.0546875,23947.97831686509,24869.0546875,1474994
2016-07-13,24869.057025415415,26480.939453125,24869.057025415415,26480.939453125,2934730
2016-07-14,26711.207288265316,26941.475938010204,25790.130859375,25790.130859375,1875362
2016-07-15,25790.129228224272,26250.668328497046,24869.0546875,24869.0546875,1731103
2016-07-18,24638.784931000646,25790.129969928414,24408.516289197232,25559.861328125,1498471
2016-07-19,25790.130859375,26250.669988775535,25329.593559885223,25790.130859375,1137326
2016-07-20,26020.401534330376,26020.401534330376,24869.056447053594,25329.59375,859611
2016-07-21,25329.592686321583,25559.861328125,24408.516289197232,25559.861328125,1337327
2016-07-22,25329.59216808896,25559.860805181175,23947.978515625,23947.978515625,1803690
2016-07-25,23947.97835392517,24638.784260537414,23717.707888477114,24408.515625,648767
2016-07-26,24408.515625,24869.05472598547,23947.97835392517,24408.515625,546783
2016-07-27,24408.515625,24408.515625,24408.515625,24408.515625,0
2016-07-28,25099.3250985268,25329.59375,24638.785965669624,25329.59375,185922
2016-07-29,25099.323322681066,25329.591957862136,24638.784222408292,24869.0546875,458978
2016-08-01,24869.05472598547,24869.05472598547,24408.515625,24408.515625,742633
2016-08-02,24408.514742805077,24408.514742805077,23487.438404035165,23717.70703125,1290942
2016-08-03,23487.440522988854,23717.709170977712,22796.634579022288,23257.171875,659610
2016-08-04,23487.43941152991,24869.054893904526,23257.170774437694,23947.978515625,1093810
2016-08-05,24178.249206105604,24178.249206105604,23257.172749601734,23487.44140625,667219
2016-08-08,23717.708048622128,23947.978515625,23257.170774437694,23947.978515625,709514
2016-08-09,23947.97835392517,24408.515625,23717.707888477114,24408.515625,368326
2016-08-10,24178.247868432907,24869.055630069255,24178.247868432907,24638.78515625,630742
2016-08-11,24638.785780739796,25790.130859375,24638.785780739796,25790.130859375,1500220
2016-08-12,25559.85951659164,25790.128142074966,24638.783184747794,25099.322265625,673444
2016-08-15,24638.783184747794,25329.59089110832,24638.783184747794,25099.322265625,336854
2016-08-16,24869.0546875,25329.591957862136,24638.784222408292,24869.0546875,1044212
2016-08-17,24869.05472598547,24869.05472598547,23947.97835392517,24408.515625,1292590
2016-08-18,24869.05472598547,25329.591997060295,24408.515625,24408.515625,1175511
2016-08-19,24408.516512341455,25099.3242739778,24408.516512341455,24638.78515625,509757
2016-08-22,25329.592917886348,25329.592917886348,24638.78515625,24638.78515625,949856
2016-08-23,24408.515625,24869.05472598547,24178.246989462586,24408.515625,1137895
2016-08-24,24638.784222408292,25099.323322681066,24638.784222408292,24869.0546875,559925
2016-08-25,24869.0546875,25099.323322681066,24638.784222408292,24869.0546875,922677
2016-08-26,25790.131652729,26480.939453125,25559.862995900603,26480.939453125,3706212
2016-08-29,27402.015910349393,27862.553224006188,26480.939453125,26480.939453125,2694245
2016-08-30,26020.400441642523,26250.669083445937,25329.592686321583,25559.861328125,3155116
2016-08-31,25559.860593043202,26020.399693315976,24638.784222408292,24869.0546875,5276334
2016-09-01,25099.326486747475,25329.595150956626,23717.71084167083,24178.25,6973341
2016-09-05,24178.248296866164,24178.248296866164,22934.794669869156,23257.171875,8527880
2016-09-06,23487.440522988854,23717.709170977712,23026.903227011146,23257.171875,3751741
2016-09-07,23487.440522988854,23947.97964887731,23026.903227011146,23257.171875,3219565
2016-09-08,23487.440522988854,23487.440522988854,23026.903227011146,23257.171875,3864792
2016-09-09,23942.735569414042,24635.81561098386,23816.720342047112,24383.78515625,5053893
2016-09-12,24320.777140559687,24320.777140559687,23312.660978579683,23596.193359375,1556700
2016-09-13,23627.69844933403,23627.69844933403,22682.58984375,22682.58984375,3257858
2016-09-14,22399.05642912541,23564.689766673404,22399.05642912541,22997.625,2343919
2016-09-15,23186.648879412598,23375.669858739773,22682.58984375,22682.58984375,1080894
2016-09-16,22682.59008726284,22745.59769920635,22052.51953125,22052.51953125,10948758
2016-09-19,22493.568139939824,23218.151937225415,22493.568139939824,23092.13671875,2301604
2016-09-20,23123.6400095408,23690.704771131434,22871.61143266429,23596.193359375,1813335
2016-09-21,23312.660978579683,23690.704771131434,23312.660978579683,23596.193359375,2621892
2016-09-22,23816.722172982434,24131.758411144347,23596.19736261138,23627.701171875,2400882
2016-09-23,23627.698918778417,23722.210337556833,23438.677935695698,23533.1875,1260990
2016-09-26,23533.184116351043,23911.227882634692,23344.16316044614,23690.703125,1729156
2016-09-27,23690.70306653187,24352.27919227704,23564.687859923706,24320.775390625,3087888
2016-09-28,24446.791420215424,24698.820006560527,24289.274249177502,24572.806640625,2642628
2016-09-29,24572.8072879532,24667.316851276028,23942.73487825525,24131.755859375,2635967
2016-09-30,24131.755859375,24446.792064223973,23942.73487825525,24131.755859375,2114048
2016-10-03,24131.755148055443,24320.777978077556,23753.7131969593,23879.7265625,1949383
2016-10-04,23879.7265625,24320.777978077556,23816.71895249263,23879.7265625,2491269
2016-10-05,24257.770980318823,24320.77859191646,24037.24619420118,24068.75,1403985
2016-10-06,24068.748256424045,24352.280633599818,24068.748256424045,24163.2578125,1767795
2016-10-07,24226.26666564676,24352.28188619508,23816.71905333876,23911.23046875,1984480
2016-10-10,23911.233600773296,24068.752647091398,23312.664933713084,23627.701171875,1528912
2016-10-11,23753.71299500235,23816.71875,23060.63299976201,23816.71875,3120830
2016-10-12,23816.71647744532,23911.227882634692,23596.191719810628,23690.703125,802619
2016-10-13,23753.71611653232,23753.71611653232,23375.67226449671,23501.6875,885984
2016-10-14,23501.685346352755,23753.713939789683,23438.677734375,23438.677734375,1267033
2016-10-17,23438.67629657852,23438.67629657852,22934.619140625,22934.619140625,2371466
2016-10-18,22934.61914416278,23249.65347582684,22745.596319795568,22966.12109375,1422506
2016-10-19,23186.648234514632,23438.67681809914,23060.633015485368,23123.640625,1446994
2016-10-20,23186.648234514632,23312.661599069874,23123.640625,23123.640625,889661
2016-10-21,23123.640625,23312.661599069874,23060.633015485368,23123.640625,1169036
2016-10-24,23186.647093550222,23312.66045190462,22745.595703125,22745.595703125,1028859
2016-10-25,22745.597046626255,22745.597046626255,22304.54748462374,22525.072265625,2014182
2016-10-26,22525.071443285935,22556.575247203702,22241.5390625,22241.5390625,1045978
2016-10-27,22241.540860896483,22871.61328125,22241.540860896483,22871.61328125,1273212
2016-10-28,22871.61328125,22934.620894180178,22619.584684003417,22871.61328125,657002
2016-10-31,22871.612677551253,22966.1222399778,22682.58984375,22682.58984375,1014090
2016-11-01,22556.574425709157,22808.60299339862,22493.566820168315,22619.58203125,782984
2016-11-02,22556.57742937495,22651.088850271488,22304.548828125,22304.548828125,765789
2016-11-03,22147.029094691174,22210.036706634688,21895.00050139122,22052.51953125,1483824
2016-11-04,22178.53290066293,22178.53290066293,21989.51191930649,22052.51953125,925014
2016-11-07,22115.525538416812,22871.613181327455,22084.02358656348,22840.109375,1635619
2016-11-08,22934.619140625,22966.121090207358,22682.588708174255,22934.619140625,1640020
2016-11-09,22871.612677551253,22871.612677551253,22052.51929450139,22682.58984375,2548081
2016-11-10,22934.619140625,23060.632502376386,22903.115336568655,22934.619140625,1193735
2016-11-11,22997.626552163147,23186.649390127866,22714.094149690187,22840.109375,1354165
2016-11-14,22840.1085642839,22840.1085642839,22525.072366665783,22556.576171875,1122832
2016-11-15,22525.072366665783,22840.1085642839,22525.072366665783,22556.576171875,420244
2016-11-16,22556.576171875,22619.583782293434,22430.560951038133,22556.576171875,685981
2016-11-17,22556.577828820205,22556.577828820205,22273.045415583783,22462.06640625,1111726
2016-11-18,22367.55469060035,22462.064249622315,22336.050886101693,22399.056640625,946714
2016-11-21,22399.054999677897,22556.5740106314,22367.553051961073,22493.56640625,893383
2016-11-22,22493.568864422825,22682.58984375,22462.065058789285,22682.58984375,939240
2016-11-23,22745.598055389644,22966.12284617114,22682.59044245947,22871.61328125,1414022
2016-11-24,22745.597455017087,22903.116483184796,22619.584086956995,22682.58984375,953827
2016-11-25,22682.589538237815,22745.59714865625,22493.568561456566,22556.576171875,1039648
2016-11-28,22493.568051003153,22493.568051003153,22273.043274017127,22367.5546875,1601170
2016-11-29,22241.540512606443,22367.55573649347,21926.504307362975,22052.51953125,1992346
2016-11-30,21800.489315423325,22178.53125,21674.47410091513,22178.53125,3109679
2016-12-01,22367.552208136032,22367.552208136032,22178.529402122793,22210.033203125,1305852
2016-12-02,22178.531454664462,22273.042866417767,22115.523846828928,22241.5390625,1132522
2016-12-05,22115.525087013615,22147.028892698043,21989.51171875,21989.51171875,826987
2016-12-06,22021.01618141582,22021.01618141582,21422.447564502043,21516.958984375,2016789
2016-12-07,21516.961319880233,21674.478515625,21516.961319880233,21674.478515625,1174687
2016-12-08,21674.47571406302,22336.051930521713,21548.462344650092,22052.51953125,1020962
2016-12-09,21926.500528538127,22147.025277860972,21926.500528538127,22084.01953125,854202
2016-12-12,21800.490739117533,22052.51933011885,21800.490739117533,21989.51171875,839721
2016-12-13,21989.514761588875,21989.514761588875,21579.967085493536,21674.478515625,1169141
2016-12-14,21579.963901374213,21958.00771164544,21579.963901374213,21926.50390625,753538
2016-12-15,21926.504307362975,22241.540512606443,21737.48332600653,22052.51953125,815067
2016-12-16,22052.517685304592,22115.5234375,21863.494865296547,22115.5234375,1913472
2016-12-19,22115.52549061564,22241.54071565308,22052.519732571032,22147.029296875,1276708
2016-12-20,22241.54238400814,22241.54238400814,21958.00996088003,22021.017578125,677150
2016-12-21,21989.513769502515,22178.53476676317,21863.498535012575,22021.017578125,474585
2016-12-22,22115.525087013615,22115.525087013615,21958.007913065576,21989.51171875,637351
2016-12-23,22021.016712946748,22430.5625,21958.00909817727,22430.5625,1485014
2016-12-26,22462.063328735192,22808.603309539165,22430.559525528108,22745.595703125,1515892
2016-12-27,22808.60506628417,22934.620288818336,22682.58984375,22682.58984375,1238160
2016-12-28,22745.598719373214,22745.598719373214,22430.5625,22430.5625,975106
2016-12-29,22619.585143850774,22619.585143850774,22304.548927269454,22336.052734375,726970
2016-12-30,22336.052734375,22493.56991542858,22304.548927269454,22336.052734375,852711
2017-01-03,22430.561601973222,23627.69881676818,22430.561601973222,23470.181640625,3042167
2017-01-04,23627.698309370156,23690.705920264,23186.648742061378,23312.662109375,2018929
2017-01-05,23249.65479885532,23501.68524568681,23218.152847475474,23407.173828125,1288824
2017-01-06,23438.67700139649,24194.762758062814,23375.669391389118,23879.7265625,3761226
2017-01-09,24068.750796780972,24541.304190458664,24005.743183097507,24383.78515625,3585816
2017-01-10,24194.76171875,24352.28073700202,24163.257915099595,24194.76171875,1859900
2017-01-11,24194.761821216172,24415.28659322898,24100.2504098647,24226.265625,2257751
2017-01-12,24194.762758062814,24257.770368070185,23816.71895249263,23879.7265625,2807564
2017-01-13,23690.704771131434,24131.754317046827,23596.193359375,23596.193359375,1755091
2017-01-16,23627.698918778417,23816.719901861135,23344.166516917285,23533.1875,967345
2017-01-17,23627.697953593168,24667.316099791162,23627.697953593168,24541.302734375,3526277
2017-01-18,24415.288258291668,24667.316851276028,24131.755859375,24131.755859375,1723143
2017-01-19,24194.762962686942,24257.77057322719,23942.734375,23942.734375,785184
2017-01-20,24068.7495960805,24257.77057322719,23942.734375,23942.734375,1369717
2017-01-23,24163.259360701755,24163.259360701755,23911.230770894505,24005.7421875,1081828
2017-01-24,23974.235426926396,24320.775390625,23942.731625274355,24320.775390625,1354798
2017-01-25,24509.79953348203,24761.828125,24194.763330466045,24761.828125,2038278
2017-01-26,24761.828125,24761.828125,24761.828125,24761.828125,0
2017-02-03,24887.844211243573,24887.844211243573,24383.78515625,24383.78515625,2329814
2017-02-06,24383.78515625,24509.80038361693,24194.764169673756,24383.78515625,1942315
2017-02-07,24446.793753367747,24730.326171875,24415.289945258693,24730.326171875,2301408
2017-02-08,24824.83459933274,25076.863179305896,24635.813627971373,25045.359375,2701580
2017-02-09,25108.3668812825,25139.870685460002,24887.842106513992,25013.85546875,1813651
2017-02-10,24982.352910768965,24982.352910768965,24761.828125,24761.828125,2643246
2017-02-13,24761.825334059642,24761.825334059642,24383.781562155495,24478.29296875,2245861
2017-02-14,24478.2965767752,24635.81561098386,24257.77178335722,24383.78515625,1997485
2017-02-15,24478.29522531782,24761.827616765317,24320.778054279897,24572.806640625,2139606
2017-02-16,24698.817301501804,24919.34391306609,24257.767787320918,24320.775390625,2049068
2017-02-17,24383.78445235936,24415.288258291668,24131.755859375,24131.755859375,1839541
2017-02-20,24257.77047078384,24257.77047078384,23879.72666361292,23911.23046875,1992738
2017-02-21,23942.733144020724,24226.265522400405,23911.22934037032,24194.76171875,1622042
2017-02-22,24257.770368070185,24257.770368070185,23816.71895249263,23879.7265625,1208714
2017-02-23,23879.7240809049,24068.746891283652,23659.199323270208,23690.703125,2190767
2017-02-24,23816.7181323327,23848.22193625151,23501.683802092546,23596.193359375,1183939
2017-02-27,23438.677592971802,24163.25956292237,23438.677592971802,24068.75,1359967
2017-02-28,24068.75045406628,24068.75045406628,23564.69140625,23564.69140625,1060565
2017-03-01,23564.691103856414,23690.706327811924,23438.677734375,23438.677734375,1135491
2017-03-02,23690.70571483333,23753.71332518081,23249.654296875,23249.654296875,1728659
2017-03-03,23438.68017076757,23690.70879040224,23249.657315185843,23627.701171875,778297
2017-03-06,23942.737115312993,23942.737115312993,23501.6875,23501.6875,768833
2017-03-07,23627.701171875,23627.701171875,23375.67255224033,23627.701171875,846894
2017-03-08,23501.686240721992,24068.75106115355,23501.686240721992,23753.71484375,1344325
2017-03-09,23911.230164207507,24194.76255235601,23816.71875,23816.71875,1509924
2017-03-10,23879.729791509675,24068.752647091398,23533.18974408414,23627.701171875,898929
2017-03-13,23375.667865447147,23564.688828656104,23344.1640625,23344.1640625,1334741
2017-03-14,23344.1640625,23564.688828656104,23344.1640625,23344.1640625,757350
2017-03-15,23470.179066005418,23470.179066005418,23281.15625,23281.15625,846396
2017-03-16,23312.66231043774,23470.181339030893,23281.15850471911,23375.669921875,866258
2017-03-17,23375.669720268845,23659.20211481708,23281.158303928078,23312.662109375,4673191
2017-03-20,23564.69364994671,23879.729889400052,23564.69364994671,23659.205078125,1632123
2017-03-21,23879.72676445975,23942.734375,23690.705787313058,23942.734375,1470050
2017-03-22,23942.735832402464,24163.2606282427,23690.707229374457,23753.71484375,2926282
2017-03-23,23753.713798260284,24257.77098213086,23690.706186657942,24100.251953125,2472116
2017-03-24,24257.77057322719,24289.274378497314,23785.217203123433,23942.734375,2127219
2017-03-27,23942.733968943343,24194.76255235601,23785.216799738188,23816.71875,2527315
2017-03-28,23816.72000292108,23974.23903488683,23533.18759985685,23564.69140625,2938895
2017-03-29,23470.183691124177,23627.700881029024,23407.17607337253,23501.6875,2079659
2017-03-30,23501.685346352755,23690.706327811924,23438.677734375,23438.677734375,1508101
2017-03-31,23438.67712791745,23564.690494138365,23249.654296875,23249.654296875,2484653
2017-04-03,23249.65347224046,23344.16488440949,22871.611532512314,22934.619140625,3362139
2017-04-04,22997.625607301317,23375.669413224638,22966.121802268204,23186.6484375,1526260
2017-04-05,23186.64853857955,23501.684735810006,23186.64853857955,23218.15234375,935427
2017-04-07,23060.633217367547,23249.654193092185,23060.633217367547,23186.6484375,1124731
2017-04-10,23249.65398955524,23375.669208584506,23123.640625,23123.640625,1056391
2017-04-11,23123.640930654085,23312.661907222482,23123.640930654085,23249.654296875,745777
2017-04-12,23312.66180315841,23312.66180315841,23092.13702240066,23186.6484375,1394748
2017-04-13,23092.138869269533,23407.17509032267,23092.138869269533,23155.146484375,1162209
2017-04-14,23123.64197924228,23155.145785844627,22682.590541283582,22903.1171875,1550537
2017-04-17,22903.11565495493,22966.121409469502,22367.5546875,22367.5546875,1554636
2017-04-18,22367.555295148086,22588.080078125,22304.547684447807,22588.080078125,805226
2017-04-19,22556.574425709157,22745.59538785778,22493.566820168315,22619.58203125,861511
2017-04-20,22619.585043305975,22619.585043305975,22304.548828125,22304.548828125,1510286
2017-04-21,22304.547078511416,22619.58326898032,22304.547078511416,22367.5546875,779141
2017-04-24,22367.553864177393,22525.071026376823,22115.5234375,22115.5234375,678446
2017-04-25,22115.5234375,22241.5386508387,22021.013881969917,22115.5234375,988759
2017-04-26,22115.521477318594,22178.529078403346,22052.515730707626,22084.01953125,1068823
2017-04-27,22178.53259680691,22241.54020788719,21863.496395879578,21958.0078125,3375837
2017-04-28,21958.0078125,21958.0078125,21958.0078125,21958.0078125,0
2017-05-03,22115.52425154567,22682.589023494893,22084.022301525387,22367.5546875,1356079
2017-05-04,22367.55608675684,23060.634265566405,22304.54847382666,22871.61328125,3294944
2017-05-05,22871.61091595333,22871.61091595333,22619.582344770606,22745.595703125,1181302
2017-05-08,22745.597046626255,22871.612266897857,22493.5684605571,22525.072265625,1300623
2017-05-09,22525.071545841132,23060.63250593361,22462.06393771873,22966.12109375,2462200
2017-05-10,22966.123639058602,23312.663667664474,22966.123639058602,23155.146484375,2181770
2017-05-11,23186.6484375,23312.66180315841,23155.144632466887,23186.6484375,1832699
2017-05-12,23155.143918117217,23186.64772217842,22903.11534010158,22966.12109375,1353442
2017-05-15,22934.620894180178,22997.626652636227,22777.101861854735,22871.61328125,1699590
2017-05-16,22745.595599939163,22934.618418324153,22682.587993810834,22714.091796875,1515138
2017-05-17,22682.59218632643,22903.118848536426,22682.59218632643,22808.607421875,1884689
2017-05-18,22745.598154488274,23029.130559435245,22745.598154488274,22903.1171875,1583629
2017-05-19,22934.62168598006,23155.146484375,22871.614070874595,23155.146484375,1642295
2017-05-22,23375.67255224033,24068.752647091398,23155.147741869274,23627.701171875,5172340
2017-05-23,23627.69871583417,23753.713939789683,23438.677734375,23438.677734375,2008033
2017-05-24,23407.1729945645,23974.23777079324,23344.165385100412,23785.216796875,2379724
2017-05-25,23816.719492987664,23848.223298706293,23375.669921875,23375.669921875,2550598
2017-05-26,23344.165403827188,23470.180622856453,23123.640625,23123.640625,1871443
2017-05-29,23375.668688465834,23564.689658329906,22934.619140625,22934.619140625,2557560
2017-05-30,23123.641878496583,23123.641878496583,22808.605668319822,22871.61328125,2061832
2017-05-31,23123.64365627215,23123.64365627215,22556.57880525213,22808.607421875,2228682
2017-06-01,22934.620894180178,23092.138072031492,22808.605668319822,22871.61328125,1466057
2017-06-02,22871.61328125,22997.626652636227,22745.598055389644,22871.61328125,1640366
2017-06-05,22934.620547501152,23501.685346352755,22903.116741512273,23438.677734375,2876779
2017-06-06,23501.684096942532,24352.28125,23438.676488314424,24352.28125,7158327
2017-06-07,24383.78445235936,24478.295870156282,24068.75010198448,24131.755859375,3645823
2017-06-08,24068.749392522113,24131.755148055443,23816.71895249263,23879.7265625,2463420
2017-06-09,24005.740751321533,24320.77693335162,23879.725536719914,24194.76171875,2972998
2017-06-12,24194.761616016636,24226.265419533273,23911.229238840864,24163.2578125,1464083
2017-06-13,23974.23917927033,24352.28300379076,23942.735372687453,24289.275390625,1486280
2017-06-14,24289.27455004401,24824.8355344705,24289.27455004401,24698.8203125,4247822
2017-06-15,24698.818974161702,24950.847549972128,24604.309417279022,24887.841796875,4515819
2017-06-16,25108.366568899877,25108.366568899877,24730.32277794725,24887.841796875,4081258
2017-06-19,25108.3668812825,25202.878293815003,24824.83449815899,25013.85546875,2300699
2017-06-20,25076.86276511433,25076.86276511433,24761.8265817328,24887.841796875,3434337
2017-06-21,24761.826997134707,24793.330801448763,23942.733648391295,24352.28125,3421227
2017-06-22,24383.784144973844,24415.28795050901,24005.7421875,24005.7421875,2042543
2017-06-23,23974.238381964835,24068.74979857033,23785.217403227914,24005.7421875,2833936
2017-06-26,24131.756258561236,24320.779097281884,24037.246693675035,24257.771484375,1830122
2017-06-27,24446.791962463805,24478.295768264976,24100.251953125,24100.251953125,1546905
2017-06-28,24100.253611778226,24131.757419747588,23848.22500249756,23974.240234375,2110612
2017-06-29,24131.75575712355,24163.25956292237,23879.72716520709,24068.75,1268224
2017-06-30,24131.756258561236,24320.779097281884,24005.742887221597,24257.771484375,1287543
2017-07-03,24257.770243860054,24667.315997862832,24194.76263417531,24509.798828125,2732050
2017-07-04,24572.807997300395,24572.807997300395,24257.77178335722,24383.78515625,1235673
2017-07-05,24572.804375344505,24572.804375344505,24226.264405638525,24478.29296875,1204298
2017-07-06,24446.79202108029,24887.84344888013,24446.79202108029,24793.33203125,3584746
2017-07-07,24887.844211243573,24982.353777294622,24383.78515625,24383.78515625,1755588
2017-07-10,24509.799367114505,24635.814589255166,23942.73457642967,24005.7421875,2056015
2017-07-11,23942.73487825525,24131.755859375,23690.70628527089,24131.755859375,1663558
2017-07-12,24257.77057322719,24257.77057322719,23848.222959189625,23942.734375,1958575
2017-07-13,23942.734375,23942.734375,23942.734375,23942.734375,0
2017-07-14,24068.75000179792,24163.259564727345,23974.2385843944,24100.251953125,582106
2017-07-17,24100.253013867154,24163.2606282427,23753.71484375,23753.71484375,1059902
2017-07-18,23690.70538267887,23942.733966061194,23659.201577946824,23785.216796875,2103876
2017-07-19,23816.71647744532,23911.227882634692,23627.695521540416,23690.703125,1763997
2017-07-20,23627.69716329381,23690.704771131434,23375.668586417305,23596.193359375,1636750
2017-07-21,23690.705920264,23753.713531157846,23312.662109375,23312.662109375,1595715
2017-07-24,23312.66464674506,23501.6875,23092.139839088566,23501.6875,1377704
2017-07-25,23438.679882248354,23533.189454401556,23249.657028993413,23501.6875,728417
2017-07-26,23596.19521264315,23690.7066318226,23438.678035151523,23564.69140625,1869303
2017-07-27,23564.691306259472,23659.20272503789,23533.1875,23533.1875,997303
2017-07-28,23533.1875,23533.1875,23533.1875,23533.1875,0
2017-07-31,23627.69777321478,23879.726356597108,23627.69777321478,23785.216796875,1654502
2017-08-01,23942.733144020724,24383.782686178463,23942.733144020724,24194.76171875,2577467
2017-08-02,24005.7421875,24194.76316623692,23816.71935428901,24005.7421875,1421481
2017-08-03,24131.755859375,24194.763471239614,24005.742490119865,24131.755859375,1020224
2017-08-04,24131.757419747588,24194.76503568631,23879.728810466917,23974.240234375,1138686
2017-08-07,24005.74404234436,24100.253611778226,23942.736426405638,23974.240234375,1128242
2017-08-08,23974.23694767113,24541.301704430487,23974.23694767113,24194.76171875,2476636
2017-08-09,24194.76255235601,24289.273966563516,23627.69777605901,23816.71875,1850315
2017-08-10,23659.20342218668,23879.728218026918,23596.19580781114,23753.71484375,1707968
2017-08-11,23596.193359375,23659.200967212622,23501.683802092546,23596.193359375,874245
2017-08-14,23596.19182377561,23816.716582381938,23596.19182377561,23722.20703125,547838
2017-08-15,23690.708498780674,23753.71611653232,23501.6875,23501.6875,703447
2017-08-16,23501.68778929481,23659.20498113862,23470.18398003119,23627.701171875,585271
2017-08-17,23627.700881029024,23659.20468990485,23407.17607337253,23501.6875,785681
2017-08-18,23501.68778929481,23816.722172982434,23407.17636150395,23627.701171875,1086439
2017-08-21,23627.6990190363,23690.7066318226,23501.685647937822,23564.69140625,387709
2017-08-22,23627.698104485848,23627.698104485848,23249.654296875,23249.654296875,825103
2017-08-23,23312.662109375,23375.669720268845,23123.641131167533,23312.662109375,83179450
2017-08-24,23407.171668394294,23596.19263160325,23249.652653658562,23344.1640625,49196085
2017-08-25,23344.16621641713,23564.69100292059,23344.16621641713,23407.173828125,334905
2017-08-28,23407.172390336116,23596.193359375,23375.668586417305,23596.193359375,1001568
2017-08-29,23596.194503923234,23627.698309370156,23312.662109375,23312.662109375,1041743
2017-08-30,23312.662109375,23501.684942056534,23249.654498481155,23312.662109375,1051252
2017-08-31,23249.65469900048,23596.194707431332,23218.152747755932,23375.669921875,1051327
2017-09-01,23564.68955545619,23627.69716329381,23375.668586417305,23596.193359375,988171
2017-09-04,23596.193359375,23596.193359375,23596.193359375,23596.193359375,0
2017-09-05,23564.69086321661,24131.755656277415,23407.173689354862,24037.24609375,2498713
2017-09-06,23942.734375,24037.245790810375,23785.217203123433,23942.734375,888636
2017-09-07,23942.735832402464,23942.735832402464,23753.71484375,23753.71484375,840911
2017-09-08,23942.735832402464,24005.743446778008,23722.21103656223,23753.71484375,1135099
2017-09-11,23816.720603651374,24509.800652834023,23753.71484375,23753.71484375,2800557
2017-09-12,23753.71543306369,24005.74404234436,23722.211625094333,23974.240234375,2013202
2017-09-13,24194.76503568631,24194.76503568631,23879.728810466917,23974.240234375,1167167
2017-09-14,24068.75010198448,24257.771083104228,23879.727266390637,24131.755859375,3665052
2017-09-15,24131.75535214669,24194.762962686942,23879.72676445975,23942.734375,4218241
2017-09-18,23942.731684364484,24068.746891283652,23690.703125,23690.703125,4395775
2017-09-19,23596.19521264315,23816.72000292108,23501.685647937822,23564.69140625,3717494
2017-09-20,23596.193971323173,24068.74918788669,23596.193971323173,23816.71875,3267502
2017-09-21,23816.716900835167,24037.243516864008,23785.21495301921,23848.220703125,1832277
2017-09-22,23848.220384250533,23879.724186119132,23690.703229381405,23722.20703125,1586553
2017-09-25,23722.21259966586,23785.220218193102,23596.19736261138,23627.701171875,1605947
2017-09-26,23627.69562564421,23753.7108331186,23501.682272643673,23722.20703125,1313824
2017-09-27,23879.728218026918,23942.735832402464,23659.20342218668,23753.71484375,2075168
2017-09-28,23776.15782313748,23935.94299814946,23712.243000662445,23808.115234375,2371511
2017-09-29,23808.116397831203,24127.688644647642,23776.15898503199,24031.81640625,3198062
2017-10-02,24159.641832295572,24351.386290487753,23935.941845580215,24063.771484375,1816047
2017-10-03,24159.644176271155,24223.559001869584,23967.901580651574,24031.81640625,2135673
2017-10-04,23967.89818472304,24926.61478933512,23967.89818472304,24798.78515625,7289131
2017-10-05,25054.44528338871,25565.761990516028,24734.873046875,24734.873046875,8548012
2017-10-06,24734.87234273568,25022.48715929279,24702.91681305208,24958.57421875,3500613
2017-10-09,25150.317978272098,25342.06057121382,25022.488328860505,25182.275390625,3768053
2017-10-10,25182.273425629362,25501.845643046167,25054.44378619243,25342.05859375,3893039
2017-10-11,25437.931218273032,25501.846038983833,24958.573825293162,25150.31640625,4272928
2017-10-12,25150.316802729543,25214.23162444792,24958.57421875,24958.57421875,2663514
2017-10-13,24926.616414937762,25182.273816605397,24926.616414937762,25150.31640625,2688710
2017-10-16,25214.23162444792,25246.189035307107,24894.659397031624,24958.57421875,2324464
2017-10-17,24958.574657343037,26204.904296875,24926.617245922265,26204.904296875,4615459
2017-10-18,26140.989794300225,26460.56012707478,25917.28792771233,26013.16015625,4601233
2017-10-19,26013.161676772128,26140.99132229426,25757.50426690349,25885.33203125,2233429
2017-10-20,25917.291058137307,26396.650377549657,25853.37811256796,26077.078125,3123015
2017-10-23,26109.03472915782,26428.606971802757,25437.932831485876,25501.84765625,5378220
2017-10-24,25469.889484462325,25757.50430614973,25246.189485633367,25565.76171875,1826521
2017-10-25,25565.761731302504,26077.076552069917,25565.761731302504,26045.119140625,2087329
2017-10-26,26045.118325082734,26364.690548349612,25693.58869137161,25949.24609375,2896414
2017-10-27,25949.246949697415,26844.048828125,25853.37659637792,26844.048828125,3536961
2017-10-30,27035.79218369647,27451.23666379741,26524.47734755353,26780.134765625,5738744
2017-10-31,26780.132765895116,26907.962405973376,26460.560546875,26460.560546875,1992858
2017-11-01,26588.390625,26748.17579655477,26428.605453445234,26588.390625,3238599
2017-11-02,26588.390583157183,27419.277612520636,26268.818359375,26268.818359375,3527799
2017-11-03,26460.562522741744,26780.134765625,26077.077336222377,26780.134765625,2109512
2017-11-06,26844.050789714616,27419.280476368156,26716.22301555592,27163.623046875,3708257
2017-11-07,27163.619519058215,27387.319505665197,26844.047303401585,27131.662109375,2581325
2017-11-08,27131.661031269217,28122.33504855682,26971.8758703779,27866.67578125,4062286
2017-11-09,27994.507409183043,28122.33705194281,27547.107421875,27547.107421875,2861709
2017-11-10,27483.192600495116,27898.635177113214,27355.362957735346,27547.107421875,3296270
2017-11-13,27802.76442984367,27930.592189605464,27483.192208675864,27738.849609375,3171117
2017-11-14,27802.76328702601,28377.992885248448,27706.89106026378,27994.505859375,4533270
2017-11-15,27994.505414903408,28250.162801034785,27866.67578125,27866.67578125,1965145
2017-11-16,27962.551214096282,28665.610517487636,27866.678977858646,28569.73828125,3130038
2017-11-17,28633.65351284587,28857.3535194078,28346.038681216058,28377.99609375,3110010
2017-11-20,28377.995291534746,28761.48046875,28346.0378799042,28761.48046875,2686902
2017-11-21,28953.223551367173,30487.16794908727,28889.308731168283,29848.025390625,5725076
2017-11-22,29848.02509844943,30742.82504777272,29848.02509844943,30678.912109375,4695765
2017-11-23,31126.312853754105,31254.142496061668,29943.896187111444,30614.998046875,4018569
2017-11-24,30359.340602317214,30487.168363276076,30039.768378156703,30295.42578125,2054659
2017-11-27,30359.340643435447,30806.740629160773,29911.938776534553,30614.998046875,3380042
2017-11-28,30742.825414040282,30934.569875044435,30359.340254383067,30806.740234375,2580662
2017-11-29,30678.914048030587,31318.056640625,30678.914048030587,31318.056640625,2170227
2017-11-30,31190.22695284689,31957.199145409963,30998.484375,30998.484375,3009707
2017-12-01,31062.396871996574,31254.14132829365,30678.911721753422,30870.654296875,3143148
2017-12-04,30998.48713101624,31573.716796875,30870.657480302878,31573.716796875,2923042
2017-12-05,31318.05580671623,31957.200263467726,30742.826171875,30742.826171875,2977066
2017-12-06,30678.912109375,30870.654686919203,30103.682495566874,30678.912109375,3167666
2017-12-07,30678.913266132076,30678.913266132076,29848.026223877674,30423.255859375,4124674
2017-12-08,30423.256206239723,30423.256206239723,29720.196918760274,30071.7265625,2286112
2017-12-11,29400.626137349536,29975.855807793832,28505.82421875,28505.82421875,2181921
2017-12-12,28953.22534502489,29017.138288007656,26588.391900568444,28569.73828125,3677394
2017-12-13,28761.480479958034,28825.395303244026,27930.59342076702,28122.337890625,1774320
2017-12-14,28122.337559953812,29081.052373268314,28058.42273741935,28953.224609375,3265332
2017-12-15,28953.224998595546,29720.19723579274,28889.310175201874,29400.625,3879266
2017-12-18,30039.76916479877,30806.741394163117,29784.111755010654,30551.083984375,3540487
2017-12-19,30614.9991884305,30966.528836708374,30263.469540152633,30519.126953125,2951343
2017-12-20,30519.12698900025,31541.75852326747,30295.426987533425,31318.056640625,3899399
2017-12-21,31318.05471101964,31445.884350367913,30998.484375,30998.484375,2331562
2017-12-22,30806.741514308567,32468.515625,30710.871160998893,32468.515625,6720104
2017-12-25,32596.344619399675,33043.74460903657,32468.51497597451,32852.00390625,2247986
2017-12-26,32915.91496561141,33043.74460903657,32276.77427318794,32852.00390625,2564191
2017-12-27,32852.00309693387,33746.80305416408,32660.258636519793,33555.05859375,3336943
2017-12-28,33555.05413221425,35089.00208686845,33555.05413221425,34577.68359375,3498955
2017-12-29,34513.77882379642,35152.91953177671,34449.864000528134,34705.51953125,4149508
2018-01-01,34705.51953125,34705.51953125,34705.51953125,34705.51953125,0
2018-01-02,34513.77728918823,35408.577250455586,34258.11800748264,35152.91796875,4222068
2018-01-03,35472.49693150438,35600.326589873046,34833.35240201267,35089.01171875,2778630
2018-01-04,34897.25946146904,35408.57421875,34705.51501660713,35408.57421875,2998902
2018-01-05,35216.83683067103,35216.83683067103,34449.866422238716,34513.78125,3082026
2018-01-08,34513.77433409601,35472.48903370397,33874.6299469071,35408.57421875,3121116
2018-01-09,35792.05903953917,37389.921875,34833.34434814326,37389.921875,4299586
2018-01-10,37262.09602516547,37837.32565081074,36622.951578631706,37070.3515625,4284019
2018-01-11,36750.778966607286,37581.6640625,36559.03451570086,37581.6640625,2661645
2018-01-12,37581.66636725678,37965.15529258771,37070.3515625,37070.3515625,3806329
2018-01-15,37070.35172628473,38348.640625,36431.2072769271,38348.640625,3107117
2018-01-16,37901.240639154996,38540.38508851263,37581.66653330061,38348.640625,3343001
2018-01-17,38348.640625,38348.640625,38348.640625,38348.640625,0
2018-01-18,35792.05903953917,37389.921875,35728.14422513267,37389.921875,4288374
2018-01-19,37453.83696962923,39243.44067911937,37262.09626806499,38987.78515625,4518260
2018-01-22,38987.78515625,38987.78515625,38987.78515625,38987.78515625,0
2018-01-23,38987.78515625,38987.78515625,38987.78515625,38987.78515625,0
2018-01-24,38987.78515625,38987.78515625,38987.78515625,38987.78515625,0
2018-01-25,41863.93213265735,43270.046875,40777.387725553606,43270.046875,7215817
2018-01-26,44356.59226294281,44740.08118853068,42503.077505339264,44164.8515625,3944909
2018-01-29,44740.07786136196,45698.792579333014,43333.95943014364,43461.7890625,3437909
2018-01-30,42503.07809079268,43333.96324964242,42311.33362535758,42822.6484375,4247385
2018-01-31,42822.65163775144,44037.0258182248,42311.3367873971,42566.99609375,2917918
2018-02-01,42439.16644057355,43333.96648810578,42055.6774810442,42566.99609375,3265287
2018-02-02,43142.22341685103,43142.22341685103,42566.99377129302,43078.30859375,2490485
2018-02-05,42183.50210136284,42822.64652863816,40074.328125,40074.328125,4050411
2018-02-06,37326.0111652429,40266.074139499324,37326.0111652429,39626.9296875,10133842
2018-02-07,41544.35932918191,41672.18897219981,40138.24454303852,40585.64453125,2465048
2018-02-08,40010.41180032801,40585.64138699311,39307.35258054824,40202.15625,1288688
2018-02-09,37389.92663957675,39818.67108476326,37389.92663957675,38923.87109375,3629970
2018-02-12,39626.92973331809,40585.64453125,38796.04081605292,40585.64453125,2784628
2018-02-13,41096.959308123594,41480.44447451962,40649.5593202697,40905.21484375,2302297
2018-02-14,40905.21484375,40905.21484375,40905.21484375,40905.21484375,0
2018-02-15,40905.21484375,40905.21484375,40905.21484375,40905.21484375,0
2018-02-16,40905.21484375,40905.21484375,40905.21484375,40905.21484375,0
2018-02-19,40905.21484375,40905.21484375,40905.21484375,40905.21484375,0
2018-02-20,40905.21484375,40905.21484375,40905.21484375,40905.21484375,0
2018-02-21,41544.36179619877,43397.880442971764,41224.791432028236,42311.3359375,3213448
2018-02-22,41927.84994818139,43078.30925701061,41800.02030001119,42694.8203125,3544511
2018-02-23,42822.64573572136,45634.87890625,42630.90128238386,45634.87890625,7272223
2018-02-26,47488.401505621,47488.401505621,45634.8829142865,45954.45703125,5203956
2018-02-27,46593.59538327238,46977.08430422762,45826.62506606408,46785.33984375,3390304
2018-02-28,46785.33984375,46785.33984375,46785.33984375,46785.33984375,0
2018-03-01,46401.85615669643,47680.145075716995,45379.226526420454,45698.796875,5448655
2018-03-02,44740.0798449869,46018.36493817289,44740.0798449869,45890.5390625,3805380
2018-03-05,46018.362897873085,46337.936978763995,43461.7890625,43461.7890625,4392490
2018-03-06,44100.93603048666,45698.795240952255,43270.047134127955,45507.05078125,4677470
2018-03-07,45698.795947179024,45954.45523073298,43781.36260757776,44484.421875,3432273
2018-03-08,44484.4226344797,44995.73744796612,43973.107820993275,44420.5078125,2342201
2018-03-09,45059.6563300562,45698.80084509228,44484.42664275887,45379.23046875,4877293
2018-03-12,46018.37109375,46913.17491725837,45698.80071829441,46018.37109375,4368876
2018-03-13,46018.37109375,46401.860059118524,45123.57103259314,46018.37109375,3234635
2018-03-14,46401.85391428319,47488.39831423703,46401.85391428319,47168.82421875,6108385
2018-03-15,46657.509428321784,47616.22795243184,46529.683552477996,47168.82421875,3182676
2018-03-16,47616.23270514753,48127.54754661158,47360.57340323981,47744.05859375,8027629
2018-03-19,48319.2835632209,48894.51317423962,46657.50954942807,47488.3984375,4224916
2018-03-20,46849.25238673317,47871.8819348719,46849.25238673317,47296.65234375,2766831
2018-03-21,47616.23039896238,48063.63039328069,46977.0859375,46977.0859375,4448805
2018-03-22,47296.66012027537,47296.66012027537,46018.37109375,46018.37109375,5833999
2018-03-23,43781.36037798081,45187.478841217715,43781.36037798081,44676.1640625,6877340
2018-03-26,44740.082911491234,45954.45703125,44484.42361792043,45954.45703125,2745538
2018-03-27,46529.689843344655,46593.60090873189,45123.571157794955,45379.23046875,3499679
2018-03-28,44676.16717359486,45570.96715807392,44612.25235151047,45059.65234375,2476380
2018-03-29,45251.40081327248,45762.715672831044,44804.000781452676,45379.23046875,2196207
2018-03-30,45379.22645417195,45634.88198015831,44867.90787749684,45059.65234375,1929114
2018-04-02,45379.222881577596,47296.65234375,45251.39324747253,47296.65234375,4604654
2018-04-03,47296.653979710085,48127.54286778202,46977.08364574459,47488.3984375,5274436
2018-04-04,47616.23039896238,47807.971103755255,46977.0859375,46977.0859375,3148181
2018-04-05,47168.826642292865,47296.656287055586,46401.85629841898,46977.0859375,2657833
2018-04-06,47041.00075988136,47807.971103755255,46913.17111511864,46977.0859375,3535379
2018-04-09,46977.083523808804,47488.39831423703,46977.083523808804,47168.82421875,4058624
2018-04-10,47616.23046875,48127.54528619906,47041.0008288259,47616.23046875,7575181
2018-04-11,47744.05442837205,47807.969248272806,44740.08046714311,45507.05078125,5893900
2018-04-12,45315.3125,45698.79767749993,44740.08285257447,45315.3125,4917152
2018-04-13,45570.96784024431,45634.88266328546,43142.223376436625,43397.87890625,7758472
2018-04-16,42950.4787784407,43206.13430748699,41608.275023306196,42119.58984375,6017109
2018-04-17,42183.50398173419,42822.6484375,41863.93363502687,42822.6484375,3171901
2018-04-18,43333.96074408084,43333.96074408084,41416.53125,41416.53125,3022064
2018-04-19,41160.87403121976,41224.78885252489,38987.78515625,38987.78515625,7398882
2018-04-20,39115.61489233442,40905.21484375,38796.0407850451,40905.21484375,4515322
2018-04-23,41224.79205011323,41416.53652890122,38092.984375,38092.984375,4335150
2018-04-24,37709.496175642365,38796.040610845004,37070.35172628473,38348.640625,6708922
2018-04-25,38348.640625,38348.640625,38348.640625,38348.640625,0
2018-04-26,38348.638891879906,39179.52400484819,37070.35005093535,37198.1796875,7037047
2018-04-27,37198.18136862649,38476.470267341756,37134.26654745561,38348.640625,4430601
2018-04-30,38348.640625,38348.640625,38348.640625,38348.640625,0
2018-05-01,38348.640625,38348.640625,38348.640625,38348.640625,0
2018-05-02,38732.12403922289,38987.783312352185,36942.5204143707,37198.1796875,4312953
2018-05-03,37198.184332025616,38156.89920126266,36367.29535296245,38092.984375,5201846
2018-05-04,38476.47018378378,38796.040526593024,37645.58127271792,37709.49609375,4873872
2018-05-07,38220.81040980495,39690.84375,37901.24007109142,39690.84375,5291238
2018-05-08,39179.52585781424,39754.755487209244,38987.78515625,38987.78515625,4441240
2018-05-09,38796.040495672496,38987.784958615906,38029.06640625,38029.06640625,4200609
2018-05-10,38284.725576236844,38476.47003860961,35536.40709398283,36111.63671875,6681812
2018-05-11,36111.6375139259,37070.35232219833,34833.34859466188,37006.4375,5959046
2018-05-14,37198.182832563754,37389.9273036225,36367.29388699379,37262.09765625,2293858
2018-05-15,37262.09836896634,38220.81321789496,37198.18354405758,37517.75390625,3765747
2018-05-16,37389.929589043146,37645.585137063536,36431.2109375,36431.2109375,3569918
2018-05-17,36431.208553069475,36686.86784670843,35919.893728142844,36303.37890625,3134136
2018-05-18,36367.292239562565,36495.12188114441,35025.09229000658,36111.63671875,3673732
2018-05-21,36111.639055817446,36686.86871781224,35600.32421875,35600.32421875,2766198
2018-05-22,35089.007626091814,35472.49279411784,33235.48908298889,34130.2890625,4875379
2018-05-23,33874.63667254407,34833.3515625,33235.49215845627,34833.3515625,3082207
2018-05-24,34833.349115496596,35025.09358495856,33874.63429288929,34066.375,1977397
2018-05-25,34130.2880432536,34322.03250271605,31957.19921875,31957.19921875,4096825
2018-05-28,31318.056144435857,31701.545080032836,29911.939453125,29911.939453125,6900909
2018-05-29,30359.34001028271,31957.19921875,29911.93815271251,31957.19921875,3933682
2018-05-30,32596.343841723916,33746.803080400656,32276.773503136414,33235.48828125,6680260
2018-05-31,32915.909778166766,34833.342840309226,32851.998728877545,34577.68359375,5630590
2018-06-01,34577.69222435821,36750.78507546489,34449.86633152377,36431.2109375,8937228
2018-06-04,36111.6384086598,38092.9828964945,35792.06428975014,37901.2421875,5782762
2018-06-05,37453.8359375,38092.98037058699,36878.60632395681,37453.8359375,5323442
2018-06-06,37134.26956126946,38156.899258297744,36814.69919182991,37773.4140625,3290076
2018-06-07,37709.49838097627,37901.242855702534,37326.01319387509,37517.75390625,3825528
2018-06-08,37262.098412436266,38604.29845003187,37262.098412436266,38156.8984375,4059257
2018-06-11,37965.155377878305,38540.38500481586,37389.925750940754,37709.49609375,3696789
2018-06-12,37389.92566694244,37709.496009033755,36111.63677387493,37070.3515625,4557788
2018-06-13,36814.69693349234,38284.7265625,36814.69693349234,38284.7265625,3096568
2018-06-14,38284.72888006465,38284.72888006465,37070.35470494347,37134.26953125,4241086
2018-06-15,36750.781302971125,37709.49609375,36686.866481939054,37709.49609375,3854296
2018-06-18,37645.58113067875,37709.495951469675,35792.062614795395,36111.63671875,3709914
2018-06-19,34833.347827633814,36111.63671875,34513.777486030325,36111.63671875,7759557
2018-06-20,36431.21020422962,37517.75472673774,35919.89535612882,37134.26953125,4170410
2018-06-21,37070.355451078256,37198.18510626421,36047.72573429365,36431.2109375,2468273
2018-06-22,35855.97974567643,37517.75390625,35472.49455857525,37517.75390625,3812041
2018-06-25,38348.6414226506,38476.47106765121,37645.58213749848,37965.15625,3640217
2018-06-26,37389.92735959584,37965.15701128193,37070.353240686185,37901.2421875,2029010
2018-06-27,37709.496009033755,38668.21079765883,37070.3515625,37070.3515625,3921506
2018-06-28,36431.20786256631,37517.752315235375,36431.20786256631,37006.4375,3186714
2018-06-29,37006.43674161151,37517.751546368294,36303.37747418927,37070.3515625,2169293
2018-07-02,36750.78433576226,37326.01401016959,35408.580508028026,37134.26953125,4289429
2018-07-03,37262.09991545964,37262.09991545964,35792.06640625,35792.06640625,5056214
2018-07-04,35919.89140328671,36111.63586110558,34961.17663889442,35536.40625,3695779
2018-07-05,35408.577118228044,35536.40675860348,33235.48828125,33235.48828125,4318739
2018-07-06,32660.258783876023,35408.577250455586,32276.77362366874,35152.91796875,5189127
2018-07-09,35152.92200290975,36047.72582921616,34513.78125,34513.78125,2161381
2018-07-10,35472.49124235192,35472.49124235192,33938.546875,33938.546875,2050198
2018-07-11,33171.57381181875,33555.05897464894,32021.114560977043,32724.173828125,4991324
2018-07-12,32724.17419694541,34258.11862790575,32276.774208209208,33491.14453125,2144232
2018-07-13,34066.37136119705,35089.00466007692,33235.48627364881,35025.08984375,2576005
2018-07-16,35152.92278558272,35472.49693150438,34705.522743644004,35089.01171875,1962252
2018-07-17,34513.7752016129,35664.234375,34513.7752016129,35664.234375,2403263
2018-07-18,35664.236818723075,36750.78125,35664.236818723075,36750.78125,3727621
2018-07-19,36878.608554586375,36942.52337799611,36239.46784519153,36303.37890625,2567853
2018-07-20,36111.63819837206,36559.03819988896,35216.834432986994,36303.37890625,3322687
2018-07-23,36303.37665780131,37326.01000666909,36111.63596179883,36175.55078125,3945572
2018-07-24,36175.55078125,36175.55078125,36175.55078125,36175.55078125,0
2018-07-25,36622.95300536631,36686.867828744755,35344.6640625,35344.6640625,1895599
2018-07-26,35408.57597059093,36239.46484375,34833.346369896484,36239.46484375,3176497
2018-07-27,36239.46636033184,36622.95152272625,35919.892256377236,36111.63671875,1475731
2018-07-30,36431.20476844002,36686.86403552,36111.63444694093,36622.94921875,1942149
2018-07-31,36495.118235659844,37901.2366279012,36303.37379244037,37389.921875,5181185
2018-08-01,37773.41003521902,37837.324854762825,37326.01006076344,37453.8359375,2866290
2018-08-02,37198.18128784453,37709.49609375,36878.60718268415,37709.49609375,2795915
2018-08-03,38029.06249436345,38156.89212317643,37134.26261737403,37389.921875,2667658
2018-08-06,37198.18128784453,38092.981257591324,37198.18128784453,37709.49609375,2686013
2018-08-07,37581.670316711665,39563.018685421164,37453.840661501075,39307.359375,8271063
2018-08-08,39371.26964893539,39882.584448287686,38987.78449000894,39690.84375,3305523
2018-08-09,39690.84593358346,40074.331113607266,39179.52734375,39179.52734375,3780666
2018-08-10,38987.78528057977,40585.64453125,38987.78528057977,40585.64453125,5801223
2018-08-13,40266.075794850454,40777.390625,39754.7572023496,40777.390625,3612580
2018-08-14,40777.394539632674,40777.394539632674,40074.33516980157,40138.25,1921067
2018-08-15,40393.89902950899,40521.72866924454,38668.21018013222,38732.125,4879583
2018-08-16,38348.6398431444,38987.7842794711,37645.58058694993,38732.125,5163313
2018-08-17,39051.700056935726,40202.15931806428,38859.955592630584,39626.9296875,4086518
2018-08-20,39626.93034118633,39946.500691282046,39243.44140625,39243.44140625,2413796
2018-08-21,38987.783727337264,40074.328125,38987.783727337264,40074.328125,2598911
2018-08-22,40138.245266598875,40266.07491192112,39563.015625,39563.015625,2246359
2018-08-23,39626.928903824795,40138.2437028421,39371.26962314061,40010.4140625,1960956
2018-08-24,40010.41485375913,40010.41485375913,39499.10004462991,39626.9296875,2681447
2018-08-27,39946.49921657206,40585.64365551934,39882.584396442224,40329.984375,2721411
2018-08-28,40585.64449881184,41096.959308123594,40202.15933241581,40905.21484375,3900484
2018-08-29,40841.30293603869,40969.12881394728,40329.984375,40329.984375,1684671
2018-08-30,40329.98685656175,41033.04615889912,39882.586850474814,40777.390625,2013820
2018-08-31,40777.38891563213,40905.214796047636,39626.929655434506,39946.5,2937660
2018-09-03,39946.5,39946.5,39946.5,39946.5,0
2018-09-04,39946.49995112463,40010.41477242975,38923.87033494488,38987.78515625,3089681
2018-09-05,38987.7842794711,39499.09907606225,38540.384302747734,38732.125,2661555
2018-09-06,38732.123502338196,38987.782771923674,38476.46799510363,38540.3828125,1200215
2018-09-07,38412.5556049364,39754.75556801894,38412.5556049364,39626.9296875,2404393
2018-09-10,39626.9296875,40010.41485375913,39051.700056935726,39626.9296875,2268812
2018-09-11,39307.35565768851,40329.985277959684,39307.35565768851,40266.07421875,2326046
2018-09-12,40393.899221175205,40649.55850185939,39946.49924232895,40010.4140625,2396225
2018-09-13,40138.24143344267,40521.726570435785,40010.41180032801,40202.15625,1612141
2018-09-14,40393.900034438244,41160.87412958146,40393.900034438244,40905.21484375,3625645
2018-09-17,40905.2117074289,40905.2117074289,40202.15625,40202.15625,1518243
2018-09-18,39946.497720462576,40457.8125,39818.66808499049,40457.8125,1623157
2018-09-19,40713.47177094418,40713.47177094418,40329.98286452791,40457.8125,1619977
2018-09-20,40457.81187191897,41288.70072723762,40457.81187191897,41160.87109375,2576728
2018-09-21,41544.35864447107,41991.762387659845,40905.21420226676,41288.703125,7367764
2018-09-24,41863.93195775287,41991.76159625479,41416.531985347196,41672.1875,1650071
2018-09-25,41416.530360725235,41672.185865349595,41160.87109375,41160.87109375,1554455
2018-09-26,41160.87580702433,41480.44616498605,40777.390625,40777.390625,3164095
2018-09-27,40777.38975957453,41033.045288047826,40393.90082333774,40521.73046875,3196313
2018-09-28,40713.47420732475,40905.21490965611,40266.07421875,40266.07421875,3171238
2018-10-01,40585.64445148214,40585.64445148214,39946.5,39946.5,2912358
2018-10-02,39946.50011094578,40329.985277959684,39754.75564626326,40266.07421875,2412696
2018-10-03,40521.729742642216,40585.64456420306,39946.50011094578,40266.07421875,1559578
2018-10-04,40266.07421875,40905.21490965611,40138.24457562831,40266.07421875,3464115
2018-10-05,40288.70892375275,40611.020720108696,40030.86328125,40030.86328125,2461642
2018-10-08,39966.40021376561,40224.24585169928,39708.55078125,39708.55078125,2031015
2018-10-09,39837.47798715749,40095.32364120526,39708.55326284251,39773.015625,1308128
2018-10-10,39901.94034931498,39966.40271147247,39579.62853852753,39773.015625,1177429
2018-10-11,38677.16185043758,38677.16185043758,37065.61423054061,37194.53515625,5173138
2018-10-12,36743.302171416566,38612.69921875,36743.302171416566,38612.69921875,3415199
2018-10-15,38548.23267427914,38677.15737966793,37839.15058922242,38097.0,1741483
2018-10-16,38032.54012994543,38419.310476777275,37968.077773043144,38161.46484375,1627060
2018-10-17,38612.69754748413,38612.69754748413,38097.00248684771,38161.46484375,1949232
2018-10-18,38032.54167563921,38161.46639468346,37323.45951547788,37387.921875,2418784
2018-10-19,36743.30242981198,37774.69260297948,36743.30242981198,37194.53515625,1791635
2018-10-22,37710.23489293205,37903.61818317437,36807.765625,36807.765625,1815414
2018-10-23,36743.30245179744,36936.689532350334,34809.44682459677,35969.76171875,3536539
2018-10-24,35969.7620825086,36485.45717461609,35776.375,35776.375,2221644
2018-10-25,34164.825773103716,35582.98626176477,34164.825773103716,35325.140625,2628312
2018-10-26,36034.22613695113,36034.22613695113,34487.140625,34487.140625,1839028
2018-10-29,34358.21285278804,34744.98704259362,33842.517727629616,34100.3671875,1901371
2018-10-30,34100.36410776912,35002.829546645764,33971.4393894776,34938.3671875,2015448
2018-10-31,34938.3667162148,36549.91808395652,34938.3667162148,35840.8359375,1877290
2018-11-01,35969.761376568524,36034.21994155756,35325.1415754399,35454.0625,1840294
2018-11-02,35454.064804450245,36292.071738761006,35454.064804450245,36227.609375,1713273
2018-11-05,36034.218050372685,36420.9921875,35840.83477639086,36420.9921875,1315602
2018-11-06,36743.30245179744,36743.30245179744,35969.76171875,35969.76171875,1006209
2018-11-07,35969.7620825086,36227.60773127129,35518.5255566552,35776.375,1007083
2018-11-08,36549.91663767263,36614.37519881626,35905.296875,35905.296875,867584
2018-11-09,35582.98553916665,35905.297321804705,35002.828125,35002.828125,1334695
2018-11-12,34809.448366345794,35196.21875,34035.90380445514,35196.21875,1036755
2018-11-13,34358.210574172525,35002.83038651535,34358.210574172525,34551.59765625,906464
2018-11-14,34551.59563308978,35002.82833693331,34035.90057232834,34293.75,798867
2018-11-15,34293.750952166556,34551.59659241543,33842.51444121257,34422.671875,1248528
2018-11-16,34809.44506076144,34873.90362309748,34229.28764308208,34293.75,1850300
2018-11-19,34809.4453125,34809.4453125,34293.7502480091,34809.4453125,1726218
2018-11-20,34809.444242053556,34809.444242053556,34358.207754241106,34680.51953125,1636915
2018-11-21,34229.28734384489,35711.91015625,34164.82498749051,35711.91015625,2875272
2018-11-22,35454.06154609142,35776.373335274795,35260.67826716333,35325.140625,1448365
2018-11-23,35260.6780196068,35454.0612971772,34809.4453125,34809.4453125,1351814
2018-11-26,34809.4453125,35002.8285900704,34616.0582403477,34809.4453125,1015537
2018-11-27,35067.291667495156,35260.67874361829,34293.750952166556,34422.671875,1936287
2018-11-28,34422.67474356162,35518.52734375,34422.67474356162,35518.52734375,2235840
2018-11-29,35840.83665742639,36356.53173941289,35454.0625,35454.0625,3556838
2018-11-30,35389.60216905997,36098.68049979441,35325.13981270559,35711.91015625,2155911
2018-12-03,36549.91879037645,37387.921875,36227.606992765825,37387.921875,3355584
2018-12-04,37258.99513622368,37581.30691636246,36807.76243861122,37130.07421875,2060626
2018-12-05,36743.304879041134,37516.84945777059,36420.99685141021,37259.0,3036290
2018-12-06,37001.147701917616,37387.91802463712,36549.91502631459,36678.8359375,3403188
2018-12-07,37001.15128073688,37194.5345635102,36807.76420338156,36872.2265625,1258895
2018-12-10,36872.22299615057,37001.147701917616,36485.45267343107,36678.8359375,1583675
2018-12-11,36678.84126850266,36872.22835526064,36227.60852731624,36614.37890625,1686359
2018-12-12,36614.37890625,36614.37890625,36614.37890625,36614.37890625,0
2018-12-13,37581.30691636246,37645.769272390215,37130.07421875,37130.07421875,1283775
2018-12-14,37065.61195479702,37130.07431098491,36420.9921875,36420.9921875,1326995
2018-12-17,36098.681329876235,36356.53076122294,35325.140625,35325.140625,2693593
2018-12-18,34873.90749753643,35776.37680006835,34873.90749753643,35518.52734375,2199748
2018-12-19,35518.521745351914,35711.908807109176,34873.90200074273,35067.2890625,1705542
2018-12-20,35002.83166088178,35582.989133654206,35002.83166088178,35196.21875,1321992
2018-12-21,35131.75390625,35131.75390625,34680.521191418666,35131.75390625,2546936
2018-12-24,35131.754507610436,35389.60394597457,34229.2890625,34229.2890625,1302251
2018-12-25,33520.20866002348,34164.82849516804,32875.58882487893,33971.44140625,2959752
2018-12-26,33906.973731750695,34487.13111304093,33906.973731750695,34035.8984375,1178710
2018-12-27,34809.452478270665,35002.835795650375,34487.140625,34487.140625,861632
2018-12-28,34487.140625,34487.140625,34487.140625,34487.140625,0
2018-12-31,34487.140625,34487.140625,34487.140625,34487.140625,0
2019-01-01,34487.140625,34487.140625,34487.140625,34487.140625,0
2019-01-02,34744.984738327475,35002.83038651535,34487.135295557506,34551.59765625,1629983
2019-01-03,34809.44709901997,34873.90566513036,33971.44020459967,34551.59765625,1614477
2019-01-04,34358.20696397173,35067.2890625,33906.97428111982,35067.2890625,1970058
2019-01-07,35647.45149669362,35776.37622277243,35131.756386960595,35196.21875,1771893
2019-01-08,35454.0625,35582.98721914213,35131.7544967267,35454.0625,1987388
2019-01-09,35776.37463819711,36163.14500472083,35325.14191148909,35969.76171875,1712459
2019-01-10,35969.761376568524,35969.761376568524,35454.0625,35454.0625,1197834
2019-01-11,35582.98828125,35776.37536573556,35389.60499134658,35582.98828125,1680873
2019-01-14,35582.98296064366,35776.37001621269,35389.59969965621,35647.4453125,1145256
2019-01-15,35647.448399945126,36163.14346487893,35582.98604250566,36034.21875,1614070
2019-01-16,36292.06756885754,36292.06756885754,35454.0607308325,35711.91015625,1064152
2019-01-17,35647.450642745185,35905.30008872593,35518.525919754815,35582.98828125,693290
2019-01-18,35582.98626176477,35711.91097743812,35325.140625,35325.140625,817372
2019-01-21,35196.21719112049,36227.607364905125,35131.754830936196,35969.76171875,1311850
2019-01-22,36098.68337862935,36098.68337862935,35582.98828125,35582.98828125,600280
2019-01-23,35389.60216905997,35776.37251260438,35389.60216905997,35711.91015625,775660
2019-01-24,35711.91015625,35840.83486895875,35454.0607308325,35711.91015625,699031
2019-01-25,35776.37463819711,36163.14500472083,35711.91227801281,35969.76171875,1520292
2019-01-28,36098.68300959889,36098.68300959889,35776.375,35776.375,507829
2019-01-29,35776.3772900334,36549.921875,35582.99019514616,36549.921875,1466343
2019-01-30,36549.921875,36872.22990522972,36549.921875,36549.921875,1737098
2019-01-31,36614.37890625,37001.15307976595,36614.37890625,36614.37890625,1729623
2019-02-01,36743.3001738576,37001.14959860914,36420.9921875,36420.9921875,1246312
2019-02-04,36420.9921875,36420.9921875,36420.9921875,36420.9921875,0
2019-02-05,36420.9921875,36420.9921875,36420.9921875,36420.9921875,0
2019-02-06,36420.9921875,36420.9921875,36420.9921875,36420.9921875,0
2019-02-07,36420.9921875,36420.9921875,36420.9921875,36420.9921875,0
2019-02-08,36420.9921875,36420.9921875,36420.9921875,36420.9921875,0
2019-02-11,36743.300679261665,37516.84516957457,36614.37596511254,37452.3828125,2102248
2019-02-12,37452.38728323478,38032.54477157805,37259.000188926235,37774.6953125,2537231
2019-02-13,37774.68990312065,38612.696730538424,37774.68990312065,38548.234375,2793414
2019-02-14,38548.23650112462,38870.54829659384,38419.31178293694,38806.0859375,2454936
2019-02-15,38677.16242058978,38677.16242058978,38161.46732640402,38225.9296875,1882459
2019-02-18,38225.9296875,38225.9296875,38225.9296875,38225.9296875,0
2019-02-19,38677.166763764035,38806.091500433344,38032.546875,38032.546875,1965854
2019-02-20,38225.92470538879,38419.307968890345,37968.07529461121,38097.0,1233413
2019-02-21,38354.850831244556,38741.625,38097.00517998974,38741.625,3080579
2019-02-22,38806.08363191264,40224.24406397398,38677.15892138476,39966.3984375,3771669
2019-02-25,40288.71358773003,41191.18292741801,40159.78885426282,40868.87109375,3134152
2019-02-26,40868.8651662045,40933.327523588596,39901.9373946068,40611.01953125,2978604
2019-02-27,40482.09492340737,40611.0196385161,39708.5504273369,39901.9375,1730708
2019-02-28,39901.93797185114,40288.70832716908,38999.46875,38999.46875,3054720
2019-03-01,39321.78345088219,40095.32421875,39192.858724710146,40095.32421875,1075213
2019-03-04,40095.32348481368,40611.02238006211,40095.32348481368,40482.09765625,2030593
2019-03-05,40482.0948164818,41126.7145957409,40288.7077443295,40611.01953125,2376092
2019-03-06,40675.47844970904,40804.403165604526,39901.937743499984,40417.6328125,1630330
2019-03-07,40417.63481874207,41126.71699678259,40353.172457594555,40675.48046875,2859373
2019-03-08,40224.24820862578,40611.02238006211,40030.86491748979,40482.09765625,1502992
2019-03-11,40224.247154566314,40417.63423521684,39901.93914806416,40353.171875,1537999
2019-03-12,40611.02105034722,41771.3359375,40417.63397096108,41771.3359375,3306834
2019-03-13,41900.254973720934,42029.1796875,41577.94698385513,42029.1796875,2532213
2019-03-14,42029.18121668534,43189.49609375,41577.94849662287,43189.49609375,3423276
2019-03-15,43318.42346994659,43318.42346994659,42544.87890625,42544.87890625,3942287
2019-03-18,42867.19111876583,43705.19425882249,42867.19111876583,43576.26953125,2918521
2019-03-19,43576.265379069504,43576.265379069504,42996.107954856074,43060.5703125,2095633
2019-03-20,42996.10546875,43318.41723833304,42673.79749374866,42996.10546875,3678539
2019-03-21,43125.03563539679,43769.655461577844,42867.18998167368,42931.65234375,2299268
2019-03-22,43060.57279488989,43189.49751761011,42867.18950539172,43125.03515625,2072697
2019-03-25,41900.25462448874,42544.87439342942,41255.63485554807,42222.56640625,2465229
2019-03-26,42609.336749781665,42867.18617519067,42222.56640625,42222.56640625,1699168
2019-03-27,42480.41203707716,42480.41203707716,41706.87135001383,42222.56640625,811013
2019-03-28,42351.489518747316,42996.10546875,42158.1024569975,42996.10546875,1118869
2019-03-29,43189.49573639533,43511.80752990312,43060.57101899221,43382.8828125,1021791
2019-04-01,43769.64985381742,43769.64985381742,43576.26279236517,43705.1875,1030848
2019-04-02,43834.11266537108,44156.42064324216,43511.8046875,43511.8046875,839329
2019-04-03,43511.808957449364,43576.26752368372,42867.18914386692,43318.421875,671574
2019-04-04,43318.42245493486,43769.65519210892,43060.57300821702,43640.73046875,1430040
2019-04-05,43705.1910478492,43963.04048405027,43705.1910478492,43898.578125,719616
2019-04-08,43898.57858358534,44929.96875,43769.653864137996,44929.96875,1690653
2019-04-09,44929.97123046753,45123.35832031495,44736.584140620114,44994.43359375,1144050
2019-04-10,44801.04379926325,44801.04379926325,44349.811078109116,44414.2734375,1083546
2019-04-11,44478.737591206766,44478.737591206766,43640.73067990134,44156.42578125,610452
2019-04-12,44220.887559762654,44220.887559762654,43576.26774293681,43834.1171875,535572
2019-04-15,43834.1171875,43834.1171875,43834.1171875,43834.1171875,0
2019-04-16,43834.11409497576,43834.11409497576,42802.72397865249,43447.34375,609774
2019-04-17,43769.654826359205,43963.04190978159,43189.49737067416,43834.1171875,778659
2019-04-18,43511.80670839391,44285.34740904409,43511.80670839391,43769.65234375,836089
2019-04-19,43769.654826359205,44156.42519862186,43769.654826359205,43834.1171875,350442
2019-04-22,43253.95727845591,43898.577058719,43189.49492097141,43769.65234375,471993
2019-04-23,43834.11266537108,43834.11266537108,42609.335519213855,43511.8046875,1899698
2019-04-24,43511.80975050081,44607.662315189475,43511.80975050081,44156.42578125,1031571
2019-04-25,44156.42556760352,44156.42556760352,43640.73046875,43640.73046875,525475
2019-04-26,43705.1899862655,44027.501773687996,43511.80670839391,43769.65234375,417818
2019-04-29,43769.65234375,43769.65234375,43769.65234375,43769.65234375,0
2019-04-30,43769.65234375,43769.65234375,43769.65234375,43769.65234375,0
2019-05-01,43769.65234375,43769.65234375,43769.65234375,43769.65234375,0
2019-05-02,43576.267891188596,43769.65497526891,42802.72714403161,43125.03515625,947016
2019-05-03,43060.567822666606,43318.41723833304,42609.33513983205,42996.10546875,1190163
2019-05-06,42673.799362011225,43060.56970786201,42480.4122917949,42738.26171875,549375
2019-05-07,42738.26002849375,43189.4927132375,41771.3323048169,42287.02734375,1662262
2019-05-08,41642.40687298441,42287.026609097236,41642.40687298441,41964.71484375,1427268
2019-05-09,42158.10404989775,42544.87439342942,41964.716980840996,42222.56640625,993355
2019-05-10,42222.56498956065,42609.335320115046,42029.17792699259,42287.02734375,835411
2019-05-13,42415.947802751834,42609.33486324634,42287.02689033717,42480.41015625,716437
2019-05-14,42158.107793416304,42931.65234375,42158.107793416304,42931.65234375,947091
2019-05-15,42996.107954856074,43447.34445836357,42867.187034150134,43060.5703125,1106452
2019-05-16,43060.5703125,43447.34445836357,43060.5703125,43060.5703125,621182
2019-05-17,43060.5703125,43189.49502778786,42931.64939179407,43060.5703125,676683
2019-05-20,43060.56775640752,43898.57456145225,42996.10540259011,43705.1875,914812
2019-05-21,43769.65519210892,44091.967000506214,43640.73046875,43640.73046875,713046
2019-05-22,43511.808957449364,44220.88733726616,43189.49715336709,43318.421875,998659
2019-05-23,43447.348598259785,43834.11898639499,43253.96150690104,43576.26953125,570292
2019-05-24,43382.88257217371,43834.11528600296,42609.338066622164,42867.1875,1403352
2019-05-27,43189.49432362825,43705.18938178989,42867.186335245424,43447.34375,514354
2019-05-28,43189.49432362825,44220.88443995152,43060.56961044238,43447.34375,1001221
2019-05-29,43576.26324740883,43898.575019861644,43318.41762402831,43511.8046875,472445
2019-05-30,43511.809539973234,43898.57991546783,43382.884816614314,43640.73046875,483582
2019-05-31,43511.808957449364,43834.116966949536,43060.57243173418,43318.421875,1073088
2019-06-03,42867.1875,43318.42021382925,41255.636130552455,42867.1875,894619
2019-06-04,42544.877339784645,43511.808957449364,42480.41497896819,43318.421875,584367
2019-06-05,43318.41723833304,43511.80430008286,42996.10546875,42996.10546875,405551
2019-06-06,42996.10518965369,42996.10518965369,41900.252769348146,42480.41015625,594569
2019-06-07,42867.184736872456,43189.4927132375,42029.17792699259,42287.02734375,739734
2019-06-10,43060.567822666606,43511.80430008286,42544.87278591544,42996.10546875,882262
2019-06-11,42867.186335245424,43511.806106592936,42867.186335245424,43447.34375,422098
2019-06-12,43447.34553068971,43511.80788992463,43125.03373451508,43189.49609375,320846
2019-06-13,43189.49573639533,43511.80752990312,42802.72537876796,43382.8828125,824244
2019-06-14,43511.81145488609,44865.50972598322,43382.88672585332,44607.6640625,3735397
2019-06-17,44607.6640625,45316.742483015594,44478.73933346723,44607.6640625,1534864
2019-06-18,44478.73520940123,45445.66299832888,43963.04013566769,45316.73828125,1443844
2019-06-19,45381.203978862584,45574.59106871,44736.584140620114,44994.43359375,1156302
2019-06-20,44929.970232112486,46090.28515625,44865.50787026239,46090.28515625,1407933
2019-06-21,46090.28063933167,46412.588622413336,45767.97265625,45767.97265625,2691317
2019-06-24,46090.283141186796,47572.906015172506,45767.97514060973,47057.2109375,2120904
2019-06-25,46928.29084695385,46928.29084695385,46412.59196554615,46670.44140625,588978
2019-06-26,46670.441314265205,46734.90367431412,45445.6640625,45445.6640625,1384666
2019-06-27,45767.97454710637,45767.97454710637,44736.58061055411,44801.04296875,1788982
2019-06-28,44865.506616641855,46412.591874069556,44091.96588521904,45445.6640625,1250984
2019-07-01,45767.976088481526,46348.13353720112,45703.51372811467,45961.359375,852394
2019-07-02,46090.28386840706,46090.28386840706,45316.73934240218,45445.6640625,547055
2019-07-03,45445.66527382183,45767.97708265738,44865.5078125,44865.5078125,1200621
2019-07-04,44865.5078125,44865.5078125,44865.5078125,44865.5078125,0
2019-07-05,44865.5078125,44865.5078125,44865.5078125,44865.5078125,0
2019-07-08,44865.5078125,44865.5078125,44865.5078125,44865.5078125,0
2019-07-09,44865.5078125,44865.5078125,44865.5078125,44865.5078125,0
2019-07-10,44865.5078125,44865.5078125,44865.5078125,44865.5078125,0
2019-07-11,44865.5078125,44865.5078125,44865.5078125,44865.5078125,0
2019-07-12,44865.5078125,44865.5078125,44865.5078125,44865.5078125,0
2019-07-15,44865.5078125,44865.5078125,44865.5078125,44865.5078125,0
2019-07-16,44865.5078125,44865.5078125,44865.5078125,44865.5078125,0
2019-07-17,49313.37938040109,49700.15354286745,48862.14665210577,49119.99609375,1209106
2019-07-18,48926.61006600469,49764.61697481034,48733.2229806075,49248.921875,1293992
2019-07-19,49248.91973722244,51440.624764925255,49248.91973722244,50924.9296875,1984299
2019-07-22,50924.9296875,51247.237687922534,50731.54261049728,50924.9296875,1402252
2019-07-23,50860.46484375,51118.310472574776,50602.61542034341,50860.46484375,943444
2019-07-24,51247.236473045756,51247.236473045756,49313.377132609,49571.2265625,2080533
2019-07-25,49571.2265625,49571.2265625,49571.2265625,49571.2265625,0
2019-07-26,49571.2265625,49571.2265625,49571.2265625,49571.2265625,0
2019-07-29,49571.2265625,49571.2265625,49571.2265625,49571.2265625,0
2019-07-30,49571.2265625,49571.2265625,49571.2265625,49571.2265625,0
2019-07-31,51569.55172721959,51891.85974166887,51311.702279994424,51698.47265625,772797
2019-08-01,51698.46839925516,51891.85546875,51376.1604113456,51891.85546875,812023
2019-08-02,51376.16490952103,51891.86001207647,50989.39453125,50989.39453125,1024730
2019-08-05,51053.850015571676,51376.16180681767,49700.15187608436,49893.53515625,1292320
2019-08-06,49893.53515625,49893.53515625,49893.53515625,49893.53515625,0
2019-08-07,49184.461877153386,50538.16015625,49184.461877153386,50538.16015625,855694
2019-08-08,50602.6171875,51440.62404825467,50344.77154967068,50602.6171875,923055
2019-08-09,50602.6171875,50602.6171875,50602.6171875,50602.6171875,0
2019-08-12,50602.61299627753,50796.00005456846,49764.60999951341,50086.91796875,715804
2019-08-13,49764.614463583435,49957.997744639935,48926.60759706537,49184.45703125,1219579
2019-08-14,50280.30953737072,50280.30953737072,49184.45703125,49184.45703125,534592
2019-08-15,48088.60486437012,50924.9296875,48088.60486437012,50924.9296875,769044
2019-08-16,50924.9296875,50924.9296875,50924.9296875,50924.9296875,0
2019-08-19,50924.9296875,50924.9296875,50924.9296875,50924.9296875,0
2019-08-20,50924.9296875,50924.9296875,50924.9296875,50924.9296875,0
2019-08-21,49571.23274054053,51762.93798943761,49442.3080095272,51569.5546875,2904989
2019-08-22,51698.47562393095,51827.40035494428,51311.70522547334,51569.5546875,1148436
2019-08-23,51569.55044411923,51698.47136994197,51053.8515625,51053.8515625,680390
2019-08-26,50409.23616269547,50667.08181205882,49957.9996357909,50151.38671875,1013005
2019-08-27,50409.231235063366,50796.001568591666,48991.06702115671,49313.375,1682486
2019-08-28,49506.766684846596,49829.07848835511,49506.766684846596,49635.69140625,887310
2019-08-29,49571.22798432169,49893.53598634809,49313.37854703495,49506.765625,636297
2019-08-30,49506.765625,49506.765625,49506.765625,49506.765625,0
2019-09-02,49506.765625,49506.765625,49506.765625,49506.765625,0
2019-09-03,50151.38671875,50215.84907973637,49442.304542482074,50151.38671875,875285
2019-09-04,49957.99513452472,49957.99513452472,49571.22479803702,49829.07421875,795326
2019-09-05,49764.61529359679,50796.00545837369,49764.61529359679,50022.4609375,616194
2019-09-06,50280.30691041594,50280.30691041594,49635.687153215265,49829.07421875,433988
2019-09-09,49829.07954957457,49893.53811706696,49635.69246335086,49764.6171875,356304
2019-09-10,49764.60999951341,51053.84567104141,49700.14764674976,50086.91796875,982459
2019-09-11,49829.07694127931,50602.617656518916,49829.07694127931,50409.234375,213158
2019-09-12,50602.6184783597,51247.23828125,50602.6184783597,51247.23828125,1205926
2019-09-13,51440.62603018083,52858.78657933645,51440.62603018083,52794.32421875,2122969
2019-09-16,52794.32148313424,53310.020341104144,52085.24314258942,52214.1640625,1050815
2019-09-17,52020.78325958315,52407.553626874454,51891.85853895869,52278.62890625,1350669
2019-09-18,52278.62831583908,53181.09755543616,51891.85795291578,51956.3203125,1220363
2019-09-19,52214.16477188983,52665.401278744066,51891.85677586161,52536.4765625,794512
2019-09-20,52536.475848731185,53374.47890376848,52214.1640625,52214.1640625,4210555
2019-09-23,52600.93963777756,52794.32292019828,50924.9296875,50924.9296875,1788907
2019-09-24,51247.23815165559,52085.24503166845,50860.46778873229,51956.3203125,1192710
2019-09-25,51569.552412194615,52149.70988157503,51182.77823621952,52020.78515625,1099083
2019-09-26,52020.78078534318,52407.55113423871,51762.93135635823,52214.1640625,1567520
2019-09-27,52407.55510752892,53567.87003676693,52085.24709144377,53438.9453125,2092393
2019-09-30,53438.94115612581,53696.790584604656,52794.32137951057,52923.24609375,1169051
2019-10-01,52923.24704324103,53890.17862280245,52729.863762994304,53761.25390625,1198180
2019-10-02,53761.25438558155,53954.637667552466,52665.401874279094,52858.78515625,1845493
2019-10-03,52729.86423313006,52858.78515625,51956.31972150044,52858.78515625,1512697
2019-10-04,52858.78644041179,53825.71805208514,52729.86551415982,53503.40625,1690352
2019-10-07,54148.02498380389,54470.33677948551,53374.48046875,53374.48046875,1709475
2019-10-08,53374.48264361553,54986.03409852598,53374.48264361553,54857.109375,2203079
2019-10-09,54857.11022574396,55243.88060773792,54470.33984375,54470.33984375,1296223
2019-10-10,54728.183957837944,54921.571040675895,54470.338308636135,54534.796875,1135747
2019-10-11,54470.33617719358,55050.48981384159,54405.87381877003,54986.03125,1100635
2019-10-14,55114.95253088295,55437.26432509788,54792.64453125,54792.64453125,935518
2019-10-15,54792.64169523704,55050.48732268116,54599.2546287176,54921.56640625,977110
2019-10-16,55566.19283198885,55630.651400645445,55243.88101579462,55501.73046875,1007761
2019-10-17,55695.10708316416,55695.10708316416,54663.71698422408,54921.56640625,1542927
2019-10-18,55114.95253088295,55308.33960741191,54663.71981356403,54792.64453125,628762
2019-10-21,54728.18193410412,54728.18193410412,53890.178861958186,54276.94921875,846110
2019-10-22,54276.947590866526,55308.337707765735,54276.947590866526,55050.48828125,712925
2019-10-23,55114.95217226513,55308.339247535776,54534.79474103516,54986.03125,810923
2019-10-24,54986.0278862324,56081.88032323006,54857.10317727226,56017.41796875,994862
2019-10-25,56017.42175364093,57048.81190584577,55824.034677134274,56726.50390625,1263145
2019-10-28,56726.50462667533,56855.425551401735,56339.73046875,56339.73046875,578445
2019-10-29,56339.729162008894,56404.19152016798,55630.647016840914,55695.109375,1058817
2019-10-30,55501.7294651693,56855.42768496077,55501.7294651693,56597.58203125,915792
2019-10-31,56790.96282989193,57048.812266865876,56468.65482825651,56533.1171875,481231
2019-11-01,56533.11706321258,57628.9695787786,56404.19234500905,57242.19921875,1614658
2019-11-04,57564.50433763726,59627.288341871885,57564.50433763726,59304.9765625,1644480
2019-11-05,59369.440447113426,59627.28987725045,58466.97503079765,58531.43359375,929234
2019-11-06,58531.43855525299,59498.37020564831,58466.979986836726,58660.36328125,1014527
2019-11-07,58660.359018806594,59240.516449054856,58660.359018806594,58853.74609375,543785
2019-11-08,58853.74715604401,59240.517518329965,58531.43535865403,58982.671875,627662
2019-11-11,59176.054090740385,59176.054090740385,58660.359018806594,58853.74609375,638632
2019-11-12,58918.21046303807,59369.443192058694,58853.7481025234,59111.59375,897874
2019-11-13,59433.90327891312,59433.90327891312,58015.73899100676,58338.05078125,1064739
2019-11-14,58338.05279100453,58918.21023884693,58144.66571019637,58595.8984375,565590
2019-11-15,58015.73874750233,58660.358530701254,57628.968395415744,57822.35546875,851837
2019-11-18,57693.42952632449,57951.27515737174,56404.18998734273,56468.65234375,1055698
2019-11-19,56726.50756962384,58660.36328125,56726.50756962384,58660.36328125,793502
2019-11-20,58660.36141886446,58660.36141886446,57693.43359375,57693.43359375,778011
2019-11-21,57435.58154554838,57822.355693721736,56404.19140625,56404.19140625,1507965
2019-11-22,56468.659088324195,57048.816570701376,54921.57373351247,55114.95703125,2028709
2019-11-25,55114.955882212525,55437.267696026014,53245.562540423205,54470.33984375,2178380
2019-11-26,54470.336888551225,55308.339969837354,54470.336888551225,54599.2578125,1095752
2019-11-27,55114.949483600656,56081.881018202235,54986.02856762466,55630.64453125,729909
2019-11-28,55437.26396438287,55630.64724507155,54728.181816305805,54986.03125,745415
2019-11-29,55179.41453068868,55308.339247535776,54792.64417472936,54986.03125,479212
2019-12-02,54986.03366338722,55243.87931381653,53503.406943735696,53825.71875,661252
2019-12-06,54663.72123323286,54921.57067530141,54405.87558574641,54728.18359375,386383
2019-12-09,54728.17933973056,55243.8743892006,54405.87135677996,54921.56640625,603897
2019-12-10,54986.02971920293,55372.800064394665,54792.642649316134,55050.48828125,771998
2019-12-11,55437.26704951093,55437.26704951093,54921.571948005665,55372.8046875,625507
2019-12-12,55501.7259830094,56726.50319639446,55437.26362498051,56404.19140625,700357
2019-12-13,56790.9644791534,57048.813923615526,56404.194107042335,56984.3515625,1125394
2019-12-16,56984.346874500494,56984.346874500494,54792.64195520851,55437.26171875,1002954
2019-12-17,55695.109603495104,56081.88375403639,54986.03125,54986.03125,401227
2019-12-18,55050.49308527638,55888.5,54986.034517604276,55888.5,1274492
2019-12-19,55888.49703596983,56855.424829339114,55437.26431870296,56726.50390625,1529500
2019-12-20,56726.50733139884,57048.81535045558,56597.58260594326,56919.890625,586748
2019-12-23,57306.662615858506,58660.36079776938,57306.662615858506,58595.8984375,1412394
2019-12-24,58531.437285720494,58531.437285720494,57306.66379906067,58015.7421875,764930
2019-12-25,58015.74361318444,58595.9010872621,57371.12377592234,57951.28125,347926
2019-12-26,58338.054849653454,58338.054849653454,57371.1232060734,57628.97265625,608975
2019-12-27,57564.50627924817,58338.05078125,56919.886493343634,58338.05078125,751775
2019-12-30,58685.052223027225,59787.422977498245,58360.82328515189,59009.27734375,994801
2019-12-31,58749.89877869141,59074.12390365307,58425.669836577144,58490.515625,347760
2020-01-01,58490.515625,58490.515625,58490.515625,58490.515625,0
2020-01-02,58490.51502808608,59268.66066406649,58166.28990643324,58879.5859375,582122
2020-01-03,59333.50532990638,59528.03887235867,58295.9765625,58295.9765625,807924
2020-01-06,57842.05820498194,58036.59555897371,56739.6875,56739.6875,1326287
2020-01-07,56415.46408677373,56999.07234910985,55377.9353181687,56934.2265625,1526953
2020-01-08,56350.619056270065,56999.07311391691,55896.702361063035,56415.46484375,1088444
2020-01-09,56869.38187600991,57647.52751322853,56869.38187600991,57517.8359375,1089031
2020-01-10,57517.8351773444,58620.205922162866,56999.0726984388,58036.59765625,2301001
2020-01-13,57712.370749106754,58231.137063393246,57712.370749106754,57971.75390625,1574226
2020-01-14,58036.599695535806,58360.82482481221,57777.21653839256,57971.75390625,1508658
2020-01-15,58101.43969221241,58101.43969221241,57582.67724679826,57906.90234375,2218028
2020-01-16,57906.90608223547,58555.3601351556,57647.526751358935,58036.59765625,1765519
2020-01-17,58036.59687731763,61278.86328125,58036.59687731763,61278.86328125,3345125
2020-01-20,61278.86182457501,61473.39917836145,60630.407795772604,60954.63671875,1254073
2020-01-21,60889.79093415452,61343.70760917049,60695.25358036808,60954.63671875,1129599
2020-01-22,60954.63730038303,61603.09133537303,60371.02905060728,60565.56640625,1322670
2020-01-23,60565.56640625,60565.56640625,60565.56640625,60565.56640625,0
2020-01-24,60565.56640625,60565.56640625,60565.56640625,60565.56640625,0
2020-01-27,60565.56640625,60565.56640625,60565.56640625,60565.56640625,0
2020-01-28,60565.56640625,60565.56640625,60565.56640625,60565.56640625,0
2020-01-29,60565.56640625,60565.56640625,60565.56640625,60565.56640625,0
2020-01-30,59722.57323383848,59917.11058367732,56415.461189491914,57647.5234375,5336975
2020-01-31,57063.91923960271,58231.135786854364,56869.38187600991,57517.8359375,1914075
2020-02-03,54534.94878150659,58490.51512115886,53821.64893215223,57517.8359375,2195740
2020-02-04,57712.37040753385,58231.13671875,56869.38278611286,58231.13671875,1685394
2020-02-05,58490.51098583039,58620.20255238962,57582.67765422038,57647.5234375,1102051
2020-02-06,57712.370749106754,58944.43311123186,57582.68298768778,57971.75390625,1340542
2020-02-07,58231.13256110816,58879.58276952442,57712.36628693138,58360.8203125,1763952
2020-02-10,57842.056970186546,58036.59432002539,57388.14030438154,57647.5234375,914812
2020-02-11,57712.36702355047,58036.5959490493,57647.52505560311,57842.05859375,783933
2020-02-12,58231.137063393246,58231.137063393246,57777.21653839256,57971.75390625,918866
2020-02-13,57842.056560929195,58036.5939093916,57582.67724679826,57906.90234375,954310
2020-02-14,57712.364995287586,58231.13125785402,57712.364995287586,57906.90234375,652210
2020-02-17,57906.90811696419,58295.9790355264,57777.21653839256,57971.75390625,518242
2020-02-18,58101.44548482162,58101.44548482162,57712.370749106754,57971.75390625,652331
2020-02-19,57712.36872121368,58036.59765625,57712.36872121368,58036.59765625,397851
2020-02-20,58166.28923026453,58620.205922162866,57842.060295228206,58036.59765625,815444
2020-02-21,58036.600042115264,58036.600042115264,57712.37109375,57712.37109375,1353773
2020-02-24,55767.006679349186,57063.9146991369,55767.006679349186,56545.1484375,1500792
2020-02-25,55767.011548267634,56415.46561477686,55637.319971535275,55896.703125,1852847
2020-02-26,55767.00872113558,55767.00872113558,54470.10065386442,55118.5546875,1752635
2020-02-27,54470.09765625,54859.16852815892,53756.797876790144,54470.09765625,1850511
2020-02-28,51941.13263555533,54081.03218773865,51941.13263555533,53432.578125,2577015
2020-03-02,52848.96655441463,53302.88322487816,52719.274986524375,53043.50390625,1008123
2020-03-03,54145.874180112485,54145.874180112485,53302.8828125,53302.8828125,1278305
2020-03-05,53302.88780524619,54210.725041336926,53302.88780524619,53886.49609375,1256364
2020-03-06,53821.649028693835,55572.47385271183,53173.19496604059,54794.33203125,1333279
2020-03-09,51227.83627530242,52459.898604933784,50968.453125,50968.453125,1822663
2020-03-10,50579.382964649325,51811.4453125,48893.40391420961,51811.4453125,2159814
2020-03-11,52135.66718525874,52135.66718525874,48244.94683599906,49930.92578125,2721848
2020-03-12,46688.65854842149,47337.112616515864,46494.125,46494.125,2384607
2020-03-13,43251.8498003116,47337.10729833282,43251.8498003116,46040.203125,2802561
2020-03-16,46040.20465899211,46040.20465899211,43122.1634917521,43511.234375,1540937
2020-03-17,41241.646922060354,43770.6171875,41241.646922060354,43770.6171875,2056377
2020-03-18,44094.84444622037,45845.66921953476,44094.84444622037,44937.83203125,1657350
2020-03-19,43640.92892466678,44548.76232001325,42797.9375,42797.9375,1795010
2020-03-20,42797.93578071475,42992.47313639654,39879.89453125,39879.89453125,4164261
2020-03-23,37350.93003005432,37934.53831177392,37091.546875,37091.546875,2825647
2020-03-24,37091.54611147268,37869.69174346493,36702.47520405282,37610.30859375,2257525
2020-03-25,38907.21309975596,40204.12109375,38712.67575551119,40204.12109375,2766364
2020-03-26,40204.123829377866,41954.94859525635,39879.8949002416,40982.265625,2237211
2020-03-27,41047.11251655993,42733.09154202829,40528.35003311987,41565.875,2365348
2020-03-30,38972.05974030237,39815.04728297546,38777.52239176907,39555.66796875,2467384
2020-03-31,39879.892186675395,41565.871052006776,38907.21309975596,40204.12109375,1442910
2020-04-01,39879.89701907211,42733.09266130011,39879.89701907211,42149.484375,1852531
2020-04-02,42149.484375,42149.484375,42149.484375,42149.484375,0
2020-04-03,42149.4781329038,42992.469451451834,41501.02415336348,42473.70703125,2602045
2020-04-06,43770.61864175842,44289.381105236396,42797.93568272884,44094.84375,3181485
2020-04-07,44094.84358657307,44743.297617805314,43316.69798566391,44224.53515625,2672691
2020-04-08,43446.388272878365,44224.533850818014,43316.69670702971,43770.6171875,2679940
2020-04-09,44094.8411392725,46688.653303090316,44094.8411392725,46040.203125,2705242
2020-04-10,46040.203439228186,46623.81165721439,45132.36631283175,45780.8203125,2410195
2020-04-13,45780.82015582974,46558.96571619913,45391.74928422114,45910.51171875,1577526
2020-04-14,45715.97714518997,45910.51450136117,43965.152391106465,45326.90625,2930381
2020-04-15,45197.21762303492,46234.74262255324,45197.21762303492,45975.36328125,1533689
2020-04-16,45391.75272897999,46169.89453125,45262.06115621749,46169.89453125,1592927
2020-04-17,46364.42781192706,46558.96515395824,45975.356945016836,46299.58203125,2219957
2020-04-20,46494.12482967571,46948.04153053313,45910.51655224399,46623.81640625,1546182
2020-04-21,46040.20458815101,46364.4296875,43965.150973999676,46364.4296875,3253683
2020-04-22,44743.298490094494,46105.048546792925,44743.298490094494,44937.83203125,2429650
2020-04-23,46040.2087583227,46040.2087583227,44613.60903080489,44872.9921875,1810773
2020-04-24,44872.99048514111,45132.369814843434,43770.61974531313,44678.453125,1465017
2020-04-27,45326.90715450929,45326.90715450929,43316.69921875,43316.69921875,3838307
2020-04-28,43316.69905213004,44419.06978721973,42279.174103475336,43446.390625,3093569
2020-04-29,43446.390625,43446.390625,43446.390625,43446.390625,0
2020-04-30,43446.390625,43446.390625,43446.390625,43446.390625,0
2020-05-01,43446.390625,43446.390625,43446.390625,43446.390625,0
2020-05-04,44094.84433599088,44159.69012193143,43316.69872185667,43705.7734375,1284318
2020-05-05,43640.92815217206,43900.30748175721,43316.69921875,43316.69921875,1518469
2020-05-06,43640.927397961226,43900.30672306373,43122.16493060378,43835.4609375,1289607
2020-05-07,43965.152551152205,45197.21484375,43900.30676552575,45197.21484375,2918280
2020-05-08,45391.75259568119,48115.25652993327,45262.061023299546,47661.33984375,5825274
2020-05-11,47661.33893633999,48309.79296875,47012.88490392999,48309.79296875,2556038
2020-05-12,48374.63961692121,49282.47298820349,48244.94804469446,49023.08984375,3314549
2020-05-13,49023.08984375,49606.69810161788,46688.65681227845,49023.08984375,2790837
2020-05-14,48634.01861663655,49541.855798956356,48569.172830959964,49282.47265625,3197383
2020-05-15,49282.47265625,49282.47265625,49282.47265625,49282.47265625,0
2020-05-18,49282.47265625,49282.47265625,49282.47265625,49282.47265625,0
2020-05-19,51811.441156735746,51941.12890625,51098.14135722197,51941.12890625,1701760
2020-05-20,51941.12890625,51941.12890625,51941.12890625,51941.12890625,0
2020-05-21,51876.28790729687,52654.4296875,51616.904769127585,52654.4296875,2148165
2020-05-22,52654.42985073671,52719.275635480066,51876.288068121234,52524.73828125,1214169
2020-05-25,52459.89818055047,52719.27751160204,52395.05239349945,52589.5859375,1067994
2020-05-26,52524.73691328041,53562.265625,52524.73691328041,53562.265625,1116548
2020-05-27,53821.646566263786,54729.4837393043,53756.80078125,53756.80078125,1232343
2020-05-28,53821.649028693835,55183.402941980916,53821.649028693835,54794.33203125,2786828
2020-05-29,55118.55452397717,55767.008555688946,54794.329416697474,55248.24609375,1749847
2020-06-01,55442.776473965634,56220.922031137314,55442.776473965634,56091.23046875,1093010
2020-06-02,56350.61939485872,56350.61939485872,55961.54466764128,56156.08203125,1520578
2020-06-03,56415.46207101655,56999.0703125,56350.61628672368,56999.0703125,697343
2020-06-04,57063.92083132482,57712.37109375,57063.92083132482,57712.37109375,678491
2020-06-05,57712.37109375,57712.37109375,57712.37109375,57712.37109375,0
2020-06-08,57712.37109375,57712.37109375,57712.37109375,57712.37109375,0
2020-06-09,57712.37109375,57712.37109375,57712.37109375,57712.37109375,0
2020-06-10,58036.5956215162,58231.132975717606,57906.90405204859,58101.44140625,1195905
2020-06-11,58036.597130746624,58101.442917166736,56415.46392170143,57063.91796875,1753946
2020-06-12,53497.42095220124,56091.23324245002,53497.42095220124,55507.625,2430599
2020-06-15,55507.628426401076,55637.32000320727,53043.50755284641,53173.1953125,1836286
2020-06-16,54470.09985237391,54470.09985237391,53432.574940684426,54275.5625,1210055
2020-06-17,55118.555439303775,55248.247011230334,54340.40982489689,54599.79296875,1111877
2020-06-18,54470.10065386442,56091.23382937716,54405.254868785625,55118.5546875,2727258
2020-06-19,55118.55427253995,55767.008301293645,55118.55427253995,55377.93359375,1090990
2020-06-22,55118.56001666057,55507.63094759844,55118.56001666057,55442.78515625,1972002
2020-06-23,55442.77889238881,56415.461835570044,55313.091141496676,55767.0078125,1382225
2020-06-24,55767.01095387272,55767.01095387272,54534.94862235243,54924.01953125,1070179
2020-06-25,53627.11229305834,54729.482988872456,53627.11229305834,54275.5625,763499
2020-06-26,54534.94605356205,54924.016944133,53821.64623988834,54016.18359375,536370
2020-06-29,54016.185275199045,54016.185275199045,52589.58560344355,52848.96875,895342
2020-06-30,53497.42392040326,53497.42392040326,51876.29067190825,52070.82421875,1069923
2020-07-01,52070.825860773766,53627.1171875,51876.29230779751,53627.1171875,609473
2020-07-02,53951.33650617466,53951.33650617466,52524.73691328041,53562.265625,706822
2020-07-03,53497.41943559256,54016.18187893582,53302.88208790674,53821.64453125,558086
2020-07-06,53821.646566263786,54081.0297063189,53432.57567333351,53756.80078125,1836723
2020-07-07,54470.10215403586,54599.79372776532,54016.185463135276,54081.03125,2014543
2020-07-08,53951.33609637388,54081.027661497756,53691.95296612612,53821.64453125,731159
2020-07-09,54405.25227882322,54405.25227882322,54016.18140402456,54210.71875,1449947
2020-07-10,54210.71875,54210.71875,54210.71875,54210.71875,0
2020-07-13,54081.0297063189,54145.87549133268,53432.57567333351,53756.80078125,560030
2020-07-14,53756.79874868806,53821.64453125,53302.88208790674,53821.64453125,643635
2020-07-15,53821.64453125,53821.64453125,53821.64453125,53821.64453125,0
2020-07-16,54340.41245640794,54405.25824551147,53756.80417162883,54145.87890625,1644375
2020-07-17,54210.72333102234,54210.72333102234,53691.95703125,53691.95703125,946368
2020-07-20,53497.420162830334,53627.111729717224,52978.65771243508,53302.8828125,1050092
2020-07-21,53497.421875,53691.955414404016,52978.6594080019,53497.421875,1027352
2020-07-22,53497.421875,53497.421875,53302.88451844355,53497.421875,942329
2020-07-23,53497.421875,53691.955414404016,53238.03873292473,53497.421875,2035701
2020-07-24,53238.03809627452,53367.729665761224,50903.6051141233,52524.73828125,2021641
2020-07-27,49282.471753514656,51876.287864456026,49282.471753514656,49930.92578125,1920720
2020-07-28,49930.92632512816,51098.14282433534,49606.6973991526,50903.60546875,1372369
2020-07-29,49282.47318251917,50579.38127559527,48698.86492235018,50255.15234375,1256153
2020-07-30,50319.996255406346,50903.604493832536,50125.46272069917,50190.3046875,1413042
2020-07-31,49282.472327772484,50190.305686888954,49282.472327772484,49541.85546875,1014090
2020-08-03,49282.473936592316,51098.14453125,49282.473936592316,51098.14453125,637171
2020-08-04,51876.28917138107,53108.34765625,51487.21445464644,53108.34765625,929550
2020-08-05,53108.35086715612,53821.65074047625,52135.67165081675,53627.1171875,1173677
2020-08-06,53562.26927345946,53886.49439366462,53108.34876115867,53691.95703125,1209106
2020-08-07,53821.646566263786,53821.646566263786,53432.57567333351,53756.80078125,781597
2020-08-10,53821.64748644435,53951.33905868923,53108.34765625,53108.34765625,868865
2020-08-11,53497.422206181,53562.26799210125,53043.505521891704,53238.0390625,471556
2020-08-12,53238.0390625,53367.7306343405,53108.34749065949,53238.0390625,467804
2020-08-13,53756.79874868806,53821.64453125,53173.19052278286,53821.64453125,580660
2020-08-14,53821.64937937837,53886.49516778146,53108.349524096906,53173.1953125,1236110
2020-08-17,53173.19311159286,53756.80136591183,52978.65957158816,53367.73046875,586929
2020-08-18,53367.73046875,53562.26782590713,52978.65957158816,53367.73046875,499842
2020-08-19,53367.72787046868,53821.64453125,53173.19052278286,53821.64453125,884266
2020-08-20,53821.64453125,54794.327452526835,53821.64453125,53821.64453125,1648037
2020-08-21,53821.646566263786,53951.33813629134,53562.267243361064,53756.80078125,1931525
2020-08-24,53821.64953236583,54859.17451545932,53821.64953236583,54405.2578125,2305657
2020-08-25,54405.2578125,55053.711881221585,54405.2578125,54405.2578125,2634761
2020-08-26,54405.25824551147,54405.25824551147,54081.03311714647,54145.87890625,2389640
2020-08-27,54145.87890625,54405.25824551147,53951.341538939414,54145.87890625,1511898
2020-08-28,54210.722823729455,54405.25636717113,54016.185463135276,54081.03125,2479590
2020-08-31,54470.09853971714,54794.327452526835,53691.95296612612,53821.64453125,1463721
2020-09-01,53821.64453125,54016.18187893582,53756.79874868806,53821.64453125,2449707
2020-09-02,53821.64453125,53821.64453125,53821.64453125,53821.64453125,0
2020-09-03,54275.566050150635,56091.23667294595,54275.566050150635,55896.703125,3773131
2020-09-04,55118.556724975846,55831.856570057585,54988.865150024154,55053.7109375,3654910
2020-09-07,54924.01471760551,55183.39784557277,54210.71875,54210.71875,1780845
2020-09-08,54210.72169855455,54405.25523795857,53367.730303962366,53497.421875,2992151
2020-09-09,53173.1912456131,53951.33682978214,52848.966145548184,53302.8828125,2219263
2020-09-10,53821.6473186298,54016.184676390556,53238.0390625,53238.0390625,1039347
2020-09-11,53238.038897311904,53562.26782590713,53043.505357307215,53367.73046875,1003165
2020-09-14,53691.95296612612,53886.49031381194,53627.11100071644,53821.64453125,896156
2020-09-15,53821.64698544165,54145.875913035736,53497.421875,53497.421875,1505403
2020-09-16,53497.421875,53497.421875,53497.421875,53497.421875,0
2020-09-17,53497.421875,53821.64698544165,53173.192947405914,53497.421875,1572131
2020-09-18,53432.57567333351,53821.646566263786,53432.57567333351,53756.80078125,1790866
2020-09-21,53886.49031381194,54210.71922662164,53821.64453125,53821.64453125,2518665
2020-09-22,53821.64365830033,54729.480782290746,53691.95209527996,54470.09765625,2632591
2020-09-23,54599.79181296747,55442.77937834061,54599.79181296747,55377.93359375,2102489
2020-09-24,54534.94737912028,55896.70125494673,54534.94737912028,55831.85546875,2454424
2020-09-25,55831.85359652224,55896.69938054448,55442.77889238881,55767.0078125,1668607
2020-09-28,55637.31624445553,55896.69938054448,55377.933108366575,55767.0078125,1890868
2020-09-29,55767.00905437562,55831.85483984191,54340.409408422114,54859.171875,2424827
2020-09-30,55118.55749705501,55118.55749705501,54340.41185359746,54534.94921875,880740
2020-10-01,55183.40063706626,55183.40063706626,54599.7923867699,54988.86328125,553098
2020-10-02,54988.8600911793,55118.55165419966,51876.28548160353,54470.09765625,1342456
2020-10-05,54794.33298013263,55118.55810849763,54081.03311714647,54145.87890625,1223256
2020-10-06,54340.41202391258,54729.4867554371,53951.34110954067,54405.2578125,1665276
2020-10-07,54210.721330701635,55248.2462576576,53886.49240530765,55118.5546875,1489279
2020-10-08,55442.77996100219,55442.77996100219,54340.40924568155,54988.86328125,827529
2020-10-09,54794.32974258616,55118.55485179418,54794.32974258616,54988.86328125,551847
2020-10-12,55767.01375968762,56415.46785191105,54988.868085588954,55702.16796875,2372867
2020-10-13,55767.00537993391,56350.61359352462,55442.776473965634,56091.23046875,1227460
2020-10-14,56285.77209723201,57712.367940639204,56220.9263111018,57193.60546875,1817961
2020-10-15,57193.605138228144,57452.98828125,56285.77177195652,57452.98828125,2147020
2020-10-16,57388.142827140626,57452.988613270834,56739.688782991005,57193.60546875,1007927
2020-10-19,57063.91642331962,57258.44996015901,56739.6875,56739.6875,1585694
2020-10-20,56415.46223205656,56934.22469072797,56350.616447578584,56869.37890625,1621153
2020-10-21,56934.22810455373,57452.99059433059,55702.16575990145,55896.703125,2188175
2020-10-22,55831.85690905471,56156.08203125,55183.40284751156,56156.08203125,1990101
2020-10-23,56350.616609168836,56739.6875,56220.92503984099,56739.6875,991320
2020-10-26,56739.68693852889,56934.22429059561,55767.0078125,55767.0078125,1373424
2020-10-27,55767.0078125,56609.995370484416,55442.77889238881,55767.0078125,1762113
2020-10-28,55767.00948178411,56091.23459444805,54145.87628415951,54599.79296875,1305521
2020-10-29,54729.481188782294,54988.86049959733,54145.87296800819,54210.71875,1152399
2020-10-30,54210.71922662164,54729.4816699649,53691.95296612612,53821.64453125,1643501
2020-11-02,53821.645899804345,55637.31640625,53821.645899804345,55637.31640625,551997
2020-11-03,55637.31715097798,55702.16293605678,54924.017332263604,55118.5546875,464971
2020-11-04,55118.5546875,55442.77979574158,54664.63800910082,55118.5546875,594735
2020-11-05,55442.77979574158,55442.77979574158,54988.86311734241,55118.5546875,765473
2020-11-06,55183.400472578796,55183.400472578796,54470.10065386442,55118.5546875,486987
2020-11-09,55118.56001666057,55637.32253029532,54988.8684339637,55442.78515625,1517504
2020-11-10,55831.8563993735,56609.998212399674,55183.40234375,55183.40234375,2277794
2020-11-11,55442.78184520252,56156.08169028426,55053.7109375,55053.7109375,1555962
2020-11-12,55572.4700510902,56091.23250229459,55507.62426754561,56026.38671875,610844
2020-11-13,56156.07983151168,56350.6171875,55896.70050734633,56350.6171875,629666
2020-11-16,56545.14975089665,56934.224456161515,55118.55394971586,55637.31640625,1884207
2020-11-17,55637.31862814688,56804.53515625,55442.78126774553,56804.53515625,826188
2020-11-18,56804.53515625,56869.38094305045,56415.4642525998,56804.53515625,1366522
2020-11-19,56869.3823658865,58490.515625,56674.84500061794,58490.515625,3894637
2020-11-20,59009.27793134096,59981.9609375,58425.66965450658,59981.9609375,1856509
2020-11-23,59722.57275288475,59917.110101156955,59009.27295970558,59398.34765625,977758
2020-11-24,59657.72624711394,59917.109375,58879.58068060799,59917.109375,1501802
2020-11-25,59981.95605488222,61084.32673059565,59852.264488997746,60630.40625,1639598
2020-11-26,60630.407795772604,60954.63671875,60046.79955156568,60954.63671875,1052382
2020-11-27,60954.63816771775,61278.86328125,60435.87569577467,61278.86328125,1824290
2020-11-30,60760.10027556877,60954.637632270715,59333.50444454514,60306.18359375,2182584
2020-12-01,58814.739026718235,60435.87213311968,58814.739026718235,59657.7265625,1751489
2020-12-02,59657.727140171046,60630.40625,59333.50204261215,60630.40625,1125259
2020-12-03,60630.40625,60889.78938176894,59917.110271939986,60630.40625,1110264
2020-12-04,60435.874951551894,60630.40849041472,59074.12109375,59074.12109375,1297338
2020-12-07,59268.65666057982,60500.718910511736,59268.65666057982,60371.02734375,1424766
2020-12-08,60306.18156036913,60889.78979364465,59333.50244396069,60371.02734375,1059118
2020-12-09,60695.25702884439,62575.7734375,60435.87769287789,62575.7734375,1805574
2020-12-10,62575.7708181943,63353.916427827244,62510.92503262885,63029.6875,1958771
2020-12-11,63029.6875,63094.53328556545,62186.69992195405,63029.6875,1169684
2020-12-14,63029.6907752121,64780.515625,62186.703153361974,64780.515625,1403096
2020-12-15,64196.91127649322,64715.66995461852,62575.77418445296,63418.765625,2159859
2020-12-16,63872.68221421485,64780.515625,63418.765508822275,64780.515625,1116202
2020-12-17,63937.5258798636,63937.5258798636,61603.09282433669,62251.546875,3474980
2020-12-18,62251.54615649646,64132.0625,62251.54615649646,64132.0625,1587126
2020-12-21,64480.9453125,64546.14386405054,63437.772325609396,64480.9453125,1050393
2020-12-22,63894.159558617204,63959.35811140252,63568.17063260874,63828.96484375,1128468
2020-12-23,63568.16796875,64220.149631363405,63176.980506349144,63568.16796875,1004220
2020-12-24,63828.96475365975,63828.96475365975,62590.1999283234,63437.7734375,1229269
2020-12-25,63242.183603224556,63633.37109375,63046.587939002726,63633.37109375,474630
2020-12-28,63894.16015625,64024.5572630403,63437.7741204021,63894.16015625,1259950
2020-12-29,63894.16032593048,65067.72661432345,63763.76705671205,64676.54296875,1049609
2020-12-30,64676.542192040986,64937.32872734604,63568.17063260874,63828.96484375,767809
2020-12-31,63828.96484375,64546.14508647036,63242.18170660027,63828.96484375,553263
2021-01-01,63828.96484375,63828.96484375,63828.96484375,63828.96484375,0
2021-01-04,63894.16287579784,65067.729211025115,63437.77682052463,64546.1484375,128980
2021-01-05,64546.14638853475,65589.31557830703,64546.14638853475,64741.734375,111394
2021-01-06,64872.13368051954,69240.41392570698,64741.73656790171,68458.03125,313507
2021-01-07,67806.05092035922,70739.9628210704,67806.05092035922,69761.9921875,133968
2021-01-08,70413.97889809412,70413.97889809412,68132.04482320236,68327.6328125,145255
2021-01-11,68197.24543200816,68914.42188326124,67871.25264696735,68132.046875,127699
2021-01-12,68849.21875,68849.21875,67936.44668839236,68849.21875,95676
2021-01-13,68849.22125285765,69175.21402808117,67806.05204797882,68327.6328125,160370
2021-01-14,68458.02797171767,68588.42507809111,67349.66024337968,67740.8515625,125408
2021-01-15,68327.63010098162,68392.82865343899,66828.07874613463,67284.4609375,165735
2021-01-18,67480.06117626773,68458.03185368894,67154.06839184841,67349.6640625,159797
2021-01-19,67219.26621296901,67349.66332530945,62655.40182231866,64546.1484375,170331
2021-01-20,64546.14519710294,69044.81464365558,63894.15966813228,64611.34375,315405
2021-01-21,64611.34954881599,67154.0703125,63894.165402581566,67154.0703125,193447
2021-01-22,67154.0703125,67806.05589998583,66502.09240085108,67154.0703125,191157
2021-01-25,65915.29839908077,67154.06320842078,65915.29839908077,66828.078125,109389
2021-01-26,66828.08329701977,66828.08329701977,64546.14915728838,65784.9140625,146250
2021-01-27,64611.344225743116,65198.123530301025,61221.03863972291,63502.97265625,236109
2021-01-28,59982.27601132287,60829.85339853478,59069.50390625,59069.50390625,181663
2021-01-29,55744.3932346164,63176.98206956635,55744.3932346164,60634.25390625,204795
2021-02-01,62590.202195606784,62590.202195606784,59330.29363244494,59395.4921875,197350
2021-02-02,59982.27560561954,63046.588516926524,59982.27560561954,62916.19140625,160415
2021-02-03,63828.96363491264,64546.14386405054,62981.38630267365,64480.9453125,219201
2021-02-04,64480.9453125,64546.14386405054,61221.03692456318,64480.9453125,145767
2021-02-05,64480.94470923977,65198.12109375,63828.96303775211,65198.12109375,135234
2021-02-08,64546.147517198755,65067.72828328716,60699.455785512124,61351.4375,437348
2021-02-09,61351.4375,61351.4375,61351.4375,61351.4375,0
2021-02-10,61351.4375,61351.4375,61351.4375,61351.4375,0
2021-02-11,61351.4375,61351.4375,61351.4375,61351.4375,0
2021-02-12,61351.4375,61351.4375,61351.4375,61351.4375,0
2021-02-15,61351.4375,61351.4375,61351.4375,61351.4375,0
2021-02-16,61351.4375,61351.4375,61351.4375,61351.4375,0
2021-02-17,63568.16883398985,65198.12109375,63568.16883398985,65198.12109375,158848
2021-02-18,64546.14471681464,66502.0859375,63894.15919269541,66502.0859375,254509
2021-02-19,64676.54107923801,66306.48951915411,64611.34252757448,66045.6953125,278967
2021-02-22,65524.12175369347,66502.09245995448,65393.72463608041,65589.3203125,209270
2021-02-23,65198.12109375,65850.10660315565,64676.54036206147,65198.12109375,217212
2021-02-24,65198.12109375,65198.12109375,65198.12109375,65198.12109375,0
2021-02-25,65198.12109375,65198.12109375,65198.12109375,65198.12109375,0
2021-02-26,63437.77543891589,64546.14703175207,63242.183612583336,64024.55859375,161349
2021-03-01,64024.55743306707,64741.73384648199,64024.55743306707,64676.54296875,137313
2021-03-02,65198.12425370378,66371.69055167714,63894.16084752935,64741.734375,179267
2021-03-03,64089.758475150134,64806.93491641201,64024.559919050276,64154.95703125,137976
2021-03-04,64285.35078459469,64872.13008299812,60699.453413972245,63437.7734375,168492
2021-03-05,63307.37823213227,63372.576786782345,61938.220098235455,62850.9921875,250395
2021-03-08,63242.183494986,63242.183494986,61938.22007824195,62068.6171875,226314
2021-03-09,61938.21875,61938.21875,60699.45391444983,61938.21875,202580
2021-03-10,61938.22199219968,62459.80660743119,61286.240263680724,62264.2109375,160325
2021-03-11,62459.80403686593,63111.78573855225,62459.80403686593,62785.79296875,152172
2021-03-12,62785.79362277985,62916.190732059076,61612.22731510325,62459.8046875,189846
2021-03-15,62590.20114478683,63242.18284647315,62264.208374984584,62785.79296875,216760
2021-03-16,62590.201130586975,62590.201130586975,62003.41798299423,62394.60546875,98826
2021-03-17,62264.20769674975,62459.8033565005,61938.21876841662,62329.40625,186772
2021-03-18,62720.590655977205,63568.16796875,62264.204643523204,63568.16796875,242484
2021-03-19,63307.375462975324,63307.375462975324,61416.6328125,61416.6328125,240464
2021-03-22,62590.20188435978,63568.17252948599,62199.010555974724,63242.18359375,286623
2021-03-23,63176.98495061752,63176.98495061752,62199.01046894155,62459.8046875,141774
2021-03-24,61938.220665742345,62525.00382505114,61351.437506433555,61742.625,214364
2021-03-25,61742.623753027285,62590.20111620794,61612.22664516592,62003.41796875,174852
2021-03-26,61938.22199414578,62264.21093945633,61090.64459566899,61873.0234375,180352
2021-03-29,62068.617782664056,62459.80527627101,60960.246181260896,62133.8125,180201
2021-03-30,62133.80923371598,62133.80923371598,61351.4342876304,61807.8203125,263521
2021-03-31,61612.22465701958,62003.41596798042,61351.4342876304,61807.8203125,142347
2021-04-01,62068.61663206156,63698.56896944643,62068.61663206156,63176.984375,406516
2021-04-02,63568.1699686869,64220.151651812484,63176.98249397878,63763.765625,343209
2021-04-05,65198.12256509771,67023.67435679538,64285.35050716695,66502.0859375,541358
2021-04-06,66502.08918059144,66828.08195854868,65524.1185225563,66436.890625,338040
2021-04-07,65850.11130051353,66502.08918059144,65458.91996696486,66436.890625,178227
2021-04-08,66436.88588578475,66436.88588578475,64872.12833904717,65198.12109375,237405
2021-04-09,64872.12745605886,64872.12745605886,63568.16796875,63568.16796875,316716
2021-04-12,64220.15110629784,64676.54096715162,63502.97087715994,64480.9453125,402372
2021-04-13,65198.12020632453,65198.12020632453,63568.16796875,63568.16796875,251797
2021-04-14,63437.77486098024,64350.55078125,63176.98448227329,64350.55078125,201449
2021-04-15,65067.72310621826,65067.72310621826,63111.78195629601,63568.16796875,324417
2021-04-16,63437.77467043632,64220.15348004354,62590.20114478683,62785.79296875,228439
2021-04-19,63242.18172748355,64220.15234375,62459.802931719525,64220.15234375,209090
2021-04-20,64611.34954881599,68458.03381163476,64220.15819632449,67154.0703125,945494
2021-04-21,67154.0703125,67154.0703125,67154.0703125,67154.0703125,0
2021-04-22,67154.0703125,68849.22516412626,66632.48951834824,67154.0703125,449268
2021-04-23,67154.06137429345,67806.046875,65524.11297419884,67806.046875,344384
2021-04-26,67806.05042303249,67806.05042303249,63828.96552604241,64285.3515625,541810
2021-04-27,64285.35421281913,64937.33209868468,63698.5710452055,64546.1484375,179599
2021-04-28,64546.1484375,64741.73643017403,63698.5710452055,64546.1484375,215027
2021-04-29,64546.14326018034,65198.12109375,63894.15775077468,65198.12109375,243478
2021-04-30,65198.12109375,65198.12109375,65198.12109375,65198.12109375,0
2021-05-03,65198.12109375,65198.12109375,65198.12109375,65198.12109375,0
2021-05-04,64546.14519710294,64937.32883864911,63894.15966813228,64611.34375,225485
2021-05-05,64611.34569952248,66502.08843891445,64611.34569952248,65980.5,275275
2021-05-06,65980.4992270739,66306.49199757661,64546.14638853475,64741.734375,174987
2021-05-07,64480.948457799575,64546.14701253042,63046.58792955747,63242.18359375,344309
2021-05-10,63046.58729380884,64024.557929073395,62525.00269913987,63959.359375,252264
2021-05-11,64024.55666418784,64741.73306899009,63568.17063260874,63828.96484375,176539
2021-05-12,63828.96475365975,63828.96475365975,63242.181617338225,63437.7734375,183592
2021-05-13,63372.57553176744,63763.7668519208,63111.78515625,63111.78515625,255881
2021-05-14,63502.9733073097,64089.756455801704,62981.38871286327,63176.984375,211516
2021-05-17,63307.37561440952,63437.772718317814,62459.8021148417,62590.19921875,258458
2021-05-18,62133.81182515427,62590.20170697674,61612.22722670394,61677.42578125,316973
2021-05-19,61677.42643828481,61677.42643828481,61155.84183427816,61351.4375,252882
2021-05-20,61351.43837475095,64546.1484375,61351.43837475095,64546.1484375,286939
2021-05-21,62785.792389455535,63894.16012072045,62590.200567297,63111.78515625,219895
2021-05-24,63568.17120962713,64220.15290548032,62916.18951377394,63502.97265625,273467
2021-05-25,63502.97279186168,65198.12366953273,63502.97279186168,65067.7265625,575054
2021-05-26,65132.92131394767,66371.68608261067,65002.52421452674,65458.9140625,355038
2021-05-27,65458.918526070425,65458.918526070425,63894.16090215603,64350.55078125,219262
2021-05-28,64546.14448775286,65915.29873187206,63633.36859514329,64937.328125,330927
2021-05-31,65850.10917023764,65850.10917023764,64089.75590205326,64285.3515625,394973
2021-06-01,64806.93074483976,67936.4458845154,64350.548557354305,67610.453125,683178
2021-06-02,67806.05219707511,70087.98627698453,67610.4565315109,69110.015625,644088
2021-06-03,69175.20701025383,70413.97175459404,69110.00846182351,69566.390625,422249
2021-06-04,69435.99728042155,69435.99728042155,67871.24738520727,68392.828125,362543
2021-06-07,68001.65157623158,68392.83525288617,65980.50393086241,67154.0703125,4475508
2021-06-08,67154.0703125,67154.0703125,67154.0703125,67154.0703125,0
2021-06-09,65198.12256509771,66502.0859375,64676.541821638486,66502.0859375,3607501
2021-06-10,66502.09243005443,67088.87178321244,65198.128930347055,66371.6953125,3409487
2021-06-11,65915.29652503894,67480.05404914808,65524.11290088856,67023.671875,3086245
2021-06-14,66567.28448991192,67414.85799543075,66045.69607061654,66502.0859375,2199703
2021-06-15,66567.28202501603,67154.06129915954,65850.10565087711,67023.671875,2140932
2021-06-16,66828.07629977606,69110.01020057722,66828.07629977606,67806.046875,4367761
2021-06-17,67806.05600729647,68458.03391997721,66502.09250609804,67936.453125,2346330
2021-06-18,68132.0418760313,71065.95369862215,68001.64477158245,70739.9609375,4874851
2021-06-21,70413.98294812665,70544.37238987925,69110.01944806836,69501.203125,3176512
2021-06-22,69827.18693546629,70739.95896532477,69435.99563302583,70153.1796875,2233158
2021-06-23,70413.98372657267,72369.92516036514,69761.99813141719,71522.3515625,3388541
2021-06-24,71717.93045387277,72239.51886373246,70283.57767843071,72174.3203125,1723053
2021-06-25,72174.32112595749,73543.48304143459,71000.75486638228,73413.0859375,2544947
2021-06-28,73413.0859375,73673.88014536918,72435.11533382667,73413.0859375,2297354
2021-06-29,73021.89598717801,74325.859375,72695.9108970997,74325.859375,2792540
2021-06-30,74325.85958257632,76412.1979385837,74325.85958257632,75890.6171875,4171254
2021-07-01,76086.212847595,76151.41140096,74977.84511622631,75890.6171875,2767373
2021-07-02,75890.61117212103,76021.00826851526,74325.85369122599,74912.640625,2602814
2021-07-05,74912.640625,74912.640625,74912.640625,74912.640625,0
2021-07-06,74912.640625,74912.640625,74912.640625,74912.640625,0
2021-07-07,74912.640625,74912.640625,74912.640625,74912.640625,0
2021-07-08,74912.640625,74912.640625,74912.640625,74912.640625,0
2021-07-09,71717.9284855503,72435.11252942402,69631.59025504388,71587.5390625,4425779
2021-07-12,71587.5390625,71587.5390625,71587.5390625,71587.5390625,0
2021-07-13,69696.79340444219,69696.79340444219,66567.28585213653,67414.859375,2810925
2021-07-14,67414.859375,67414.859375,67414.859375,67414.859375,0
2021-07-15,65328.51910825451,68132.04148619137,65328.51910825451,66828.078125,3495233
2021-07-16,66828.078125,66828.078125,66828.078125,66828.078125,0
2021-07-19,65198.124884002405,65328.52199346409,62525.00332962894,63242.18359375,3830983
2021-07-20,63763.76960312677,65850.11188687605,60960.24703940372,65328.5234375,3595597
2021-07-21,64872.133542514464,65524.119104216625,64089.75854430849,64546.1484375,2205731
2021-07-22,64480.950536430195,65654.51688358042,63894.16352493673,65393.72265625,2193826
2021-07-23,64741.7350008865,65067.72777454072,63242.18359375,63242.18359375,2562277
2021-07-26,62916.18814060269,63568.16982222611,62394.603562887554,62590.19921875,1905093
2021-07-27,63568.17106701724,63633.3696202481,61938.21875,61938.21875,3999762
2021-07-28,62003.41872970042,63242.18359375,62003.41872970042,63242.18359375,2246570
2021-07-29,63502.97207982342,63828.96484375,63242.18170660027,63828.96484375,1795990
2021-07-30,63437.7741204021,64415.74858341119,63372.57556700695,63894.16015625,2041322
2021-08-02,63242.18359375,64350.55134833789,62850.99226536494,63242.18359375,1936438
2021-08-03,63307.378405826035,64415.75,63242.183688915306,64415.75,1907354
2021-08-04,64415.75,64415.75,64415.75,64415.75,0
2021-08-05,63894.16150281756,64872.13214851921,63828.96678596658,64806.93359375,1699394
2021-08-06,65067.72711841135,65067.72711841135,63959.359375,63959.359375,1679351
2021-08-09,63959.35680334617,64480.945214961495,63698.56643545654,64089.75390625,1851898
2021-08-10,64089.75390625,64089.75390625,64089.75390625,64089.75390625,0
2021-08-11,64741.73453634373,66306.49216281988,64611.34510365407,65524.1171875,2579607
2021-08-12,65524.121036054734,65719.7167103321,64872.13545513018,65132.9296875,1486762
2021-08-13,65132.923781541635,65132.923781541635,64089.75462248904,64937.328125,2002593
2021-08-16,64937.33472443472,65589.3203125,64546.15104743247,65589.3203125,3002459
2021-08-17,65589.3203125,65589.3203125,65589.3203125,65589.3203125,0
2021-08-18,65850.109375,66828.08000443844,65002.52817709521,65850.109375,2784854
2021-08-19,65654.51000088398,67154.06129915954,65067.7230509046,67023.671875,3882822
2021-08-20,65980.49670434877,66436.88656560275,64806.930451246015,65263.3203125,2710260
2021-08-23,64546.14499536786,65198.122846464576,62981.38740656505,63437.7734375,3219159
2021-08-24,64676.544121992105,64676.544121992105,62916.190820095784,63242.18359375,1611086
2021-08-25,63242.179056402274,64546.14238162908,63111.78195629601,63568.16796875,1611237
2021-08-26,63763.7668519208,64546.14565430939,63111.78515625,63111.78515625,1622840
2021-08-27,62590.19936295755,64220.151651812484,62590.19936295755,63763.765625,1667597
2021-08-30,64154.955063931506,64806.93292910054,63763.76757724645,64741.734375,1841048
2021-08-31,64872.13214851921,65132.92636759603,64089.75716712518,64806.93359375,1126449
2021-09-01,64806.93359375,65132.92636759603,62590.201921188105,64806.93359375,1367562
2021-09-02,64806.93359375,64806.93359375,64806.93359375,64806.93359375,0
2021-09-03,64806.93359375,64806.93359375,64806.93359375,64806.93359375,0
2021-09-06,64806.9297881066,65263.319644690564,64806.9297881066,65198.12109375,1363795
2021-09-07,65132.922542809436,65719.70950127453,65067.723991868865,65198.12109375,1569946
2021-09-08,65198.12109375,65198.12109375,65198.12109375,65198.12109375,0
2021-09-09,65002.528591402166,65263.322807804325,64285.35217213259,64741.734375,1231484
2021-09-10,65067.72661432345,65067.72661432345,64285.35164734024,64676.54296875,1292666
2021-09-13,64415.749253513764,64546.146361660554,63959.359375,63959.359375,1571905
2021-09-14,63959.35680334617,64220.15100915383,63242.18041321115,64089.75390625,1854309
2021-09-15,64089.75377793859,64089.75377793859,63307.375,63307.375,1203304
2021-09-16,64480.94780758716,64480.94780758716,63568.17188847782,63959.359375,859567
2021-09-17,63568.16987477413,64154.953004928466,63372.57421875,63372.57421875,1510271
2021-09-20,63437.77293860165,65850.10785552765,63437.77293860165,64937.328125,1925739
2021-09-21,64937.328125,64937.328125,64937.328125,64937.328125,0
2021-09-22,64937.328125,64937.328125,64937.328125,64937.328125,0
2021-09-23,64937.331367936524,65458.91981142875,64220.154933971244,64872.1328125,1018702
2021-09-24,64872.1328125,65067.728478809586,64872.1328125,64872.1328125,68521289
2021-09-27,64872.130781340944,65002.52788813124,63894.16015625,63894.16015625,701488
2021-09-28,63763.76705671205,64741.73384648199,63568.17139600717,64676.54296875,730120
2021-09-29,64872.13019598223,64872.13019598223,63568.17065359966,64220.15234375,851430
2021-09-30,64220.15155693651,64285.350108944556,63307.37566674196,63372.57421875,1808196
2021-10-01,63437.77600506318,64024.559165134,62459.80535091788,62525.00390625,2429062
2021-10-04,62590.20170697674,62916.190641788875,61547.02867215787,61677.42578125,137645361
2021-10-05,62003.41732166687,62655.39901625126,62003.41732166687,62329.40625,1467323
2021-10-06,62329.40625,62329.40625,62329.40625,62329.40625,0
2021-10-07,62329.40635386142,63111.78515625,61938.218871626195,63111.78515625,1201345
2021-10-08,62981.38937482663,63242.18359375,62329.40766543641,63242.18359375,1050348
2021-10-11,63242.18359375,63242.18359375,63242.18359375,63242.18359375,0
2021-10-12,64089.75712941452,64089.75712941452,63242.18359375,63242.18359375,1146944
2021-10-13,63828.966748409366,63894.16146522199,63242.18359375,63242.18359375,2149371
2021-10-14,63242.18359375,63242.18359375,63242.18359375,63242.18359375,0
2021-10-15,63111.787072264786,63437.77601103783,62916.19140625,62916.19140625,1102338
2021-10-18,62916.19140625,62916.19140625,62916.19140625,62916.19140625,0
2021-10-19,62655.40036146801,62916.19074215007,62068.61720753559,62850.9921875,1260267
2021-10-20,62850.990819395854,63046.58647908845,61286.23705560948,61938.21875,2352358
2021-10-21,62199.01036890004,62590.20169610852,61286.23828125,61286.23828125,1847678
2021-10-22,61938.221996116634,61938.221996116634,61286.240267556444,61481.8359375,361669
2021-10-25,61481.8359375,61481.8359375,61481.8359375,61481.8359375,0
2021-10-26,61351.43683578475,61677.42577054027,61025.44406311101,61286.23828125,952396
2021-10-27,61677.427830976165,62916.19273268291,61481.83599875606,62655.40234375,2152837
2021-10-28,62981.38749545901,63828.96484375,62655.39856945054,63828.96484375,2671230
2021-10-29,63437.7741204021,64154.95436983059,63176.98374473965,63894.16015625,1904490
2021-11-01,63894.16015625,63894.16015625,63894.16015625,63894.16015625,0
2021-11-02,63502.972673797245,63828.96544077299,63437.7741204021,63894.16015625,1218072
2021-11-03,63698.56907760537,64415.74933540628,63437.77486098024,64350.55078125,2757729
2021-11-04,64350.55269954958,64415.75125564944,63372.57819596997,64154.95703125,1490982
2021-11-05,63568.16796875,64546.14238162908,63242.179056402274,63568.16796875,1697284
2021-11-08,63959.36003899974,64154.95570325052,63568.172548416405,64024.55859375,1784537
2021-11-09,63894.15812397444,64285.349431902745,63242.18028659664,63307.375,2075982
2021-11-10,63307.37832004695,64024.558584275444,63111.78649374333,63633.37109375,1291611
2021-11-11,63763.76498690845,64741.7317449331,63242.18041321115,64089.75390625,1681160
2021-11-12,64089.757148500255,64089.757148500255,63568.172548416405,64024.55859375,926476
2021-11-15,64089.7538768641,64546.14373681825,63372.57364913989,63698.56640625,1155383
2021-11-16,63698.56697879022,64220.15155693651,63242.18095265197,63372.57421875,1064363
2021-11-17,63372.57556700695,63959.358709645145,63372.57556700695,63894.16015625,1187933
2021-11-18,64089.75712941452,64089.75712941452,63242.18359375,63242.18359375,1069486
2021-11-19,63242.18359375,63242.18359375,63242.18359375,63242.18359375,0
2021-11-22,63437.77551548394,64480.94855482895,63307.378405826035,64415.75,1533026
2021-11-23,64546.14519710294,64611.34375000001,64024.55677392641,64611.34375,827620
2021-11-24,64676.54443334236,68849.22125285765,64676.54443334236,68327.6328125,2838050
2021-11-25,68458.02560622503,70413.9744584047,68197.2390783256,69827.1875,2220047
2021-11-26,69566.39903141493,70544.36970021203,67806.05336274748,68458.03125,1325518
2021-11-29,67349.66528923427,68392.83454254006,65850.11380526541,65915.3046875,1282419
2021-11-30,67806.04841406932,67806.04841406932,64480.9453125,64480.9453125,2014046
2021-12-01,64806.93498634425,66176.09699008217,64089.75854430849,64546.1484375,831086
2021-12-02,65393.71870892857,65719.7114734139,64415.74809130881,64611.34375,1187029
2021-12-03,64676.54279699178,65719.71197547787,63568.1712271924,63894.16015625,1199386
2021-12-06,63894.15864697752,65198.12200824271,62199.0078125,62199.0078125,1519915
2021-12-07,62655.40045774922,64806.933574916664,62655.40045774922,64024.55859375,1235703
2021-12-08,63894.16090215603,64806.932984507606,63894.16090215603,64350.55078125,764780
2021-12-09,63502.972842438874,64806.93240005028,63437.77428887058,64676.54296875,1213702
2021-12-10,65850.10660315565,67023.67284424984,65132.922542809436,65198.12109375,2834885
2021-12-13,66502.08570149697,66502.08570149697,64676.54159211396,64937.328125,1564220
2021-12-14,64937.330037301625,65524.11702420648,64611.34494263529,64741.734375,1299448
2021-12-15,64872.13545513018,65654.51815223965,64546.15034050474,65132.9296875,1103543
2021-12-16,65719.7114734139,65719.7114734139,63959.358221029346,64611.34375,1577933
2021-12-17,65198.1254914161,65198.1254914161,62916.19140625,62916.19140625,5237726
2021-12-20,64220.154933971244,64872.1328125,63959.36071222513,64872.1328125,1110475
2021-12-21,64546.14386405054,65067.724600618785,64220.15110629784,64480.9453125,1166534
2021-12-22,64728.7995137555,65401.305111479734,64392.54671489338,64644.734375,2261969
2021-12-23,65149.11245142967,66326.00110526108,64308.48046875,64308.48046875,1758509
2021-12-24,64560.673653853344,65989.75,64560.673653853344,65989.75,1003141
2021-12-27,66326.00349619534,67502.89219245147,65485.36760513237,67082.578125,1103172
2021-12-28,67250.6953125,68091.33113685009,65569.43141995923,67250.6953125,1380352
2021-12-29,66830.3828125,67082.57434121004,66494.13002627314,66830.3828125,519640
2021-12-30,67082.57616181426,67166.63742161247,65317.24316909288,65905.6875,1086874
2021-12-31,66410.06001250181,66578.19028116309,65905.6847188369,66241.9375,498382
2022-01-03,66241.9375,66241.9375,66241.9375,66241.9375,0
2022-01-04,66410.0625,66746.315293758,65569.43439368489,66410.0625,1339017
2022-01-05,66410.05773347981,67586.9463052426,65569.4296875,65569.4296875,1893261
2022-01-06,66073.81099498448,67166.63841313294,65485.36665539069,66494.1328125,1435623
2022-01-07,66914.4478443234,67166.6393872583,65737.55914806726,67082.578125,1141082
2022-01-10,66998.50532753364,67166.63559872686,65989.74696885307,66830.3828125,1295557
2022-01-11,67250.69554760522,67250.69554760522,65989.74568475159,66746.3125,1125138
2022-01-12,66746.31226665806,67250.6953125,65569.43141995923,67250.6953125,2127571
2022-01-13,67671.00982629908,70949.48413519315,67418.82605774984,68847.8984375,2991236
2022-01-14,68847.90163652581,70108.8515625,68091.33478340523,70108.8515625,1797600
2022-01-17,69772.59501628081,73975.76638108208,69184.15071496226,72462.625,3104258
2022-01-18,71874.18267256298,73639.515625,70613.232779725,73639.515625,2003684
2022-01-19,73555.45211193753,73555.45211193753,71453.86643625484,72967.0078125,1080378
2022-01-20,71621.99259949672,73555.45586317837,69856.66736731403,73219.1953125,3300068
2022-01-21,73051.06805537808,75657.02898291986,72378.56250995821,74984.5234375,2955216
2022-01-24,75152.65474735391,78599.25153269443,74143.8886590323,78178.9375,3222122
2022-01-25,77758.61956929234,80700.8412126155,74816.40568212893,80532.7109375,2830384
2022-01-26,80532.71025746362,80532.71025746362,77842.68017144906,79439.890625,2980253
2022-01-27,78178.94365036263,79439.89360380461,75993.28879115921,76497.671875,2046554
2022-01-28,76497.67023311739,77338.30610275599,74816.40625,74816.40625,2427781
2022-01-31,74816.40625,74816.40625,74816.40625,74816.40625,0
2022-02-01,74816.40625,74816.40625,74816.40625,74816.40625,0
2022-02-02,74816.40625,74816.40625,74816.40625,74816.40625,0
2022-02-03,74816.40625,74816.40625,74816.40625,74816.40625,0
2022-02-04,74816.40625,74816.40625,74816.40625,74816.40625,0
2022-02-07,76161.41330666408,78094.86872144799,75236.71622705099,77674.5546875,1914164
2022-02-08,77674.55747797021,77674.55747797021,75741.10199372662,77338.3046875,1353898
2022-02-09,76665.79966793236,77254.24399460392,75909.22506671475,76329.546875,1869404
2022-02-10,76581.72910385407,78515.19231931405,76497.66784636091,76749.859375,2157923
2022-02-11,76749.85861117355,77002.05013730278,75657.03125,75657.03125,1368070
2022-02-14,74059.83303257599,74648.27737676799,72294.5,72294.5,4285967
2022-02-15,72294.5,72294.5,72294.5,72294.5,0
2022-02-16,73555.45461563919,73891.70740445476,72630.75750735645,73135.1328125,1518766
2022-02-17,73135.13133037885,73723.57563792088,72967.00881745797,73555.453125,1690247
2022-02-18,72630.76002406604,73555.45716439022,72630.76002406604,73303.265625,1259182
2022-02-21,72798.87726039572,73639.51307860574,72798.87726039572,73471.3828125,1202139
2022-02-22,73135.13032310536,73135.13032310536,71453.86643625484,72967.0078125,1818976
2022-02-23,73135.13156923497,73135.13156923497,72126.37321993671,73051.0703125,1164820
2022-02-24,72882.94341725629,72967.01243404306,71453.87096195942,71706.0625,2454944
2022-02-25,71706.05995895565,72210.43526100344,71453.86842985197,71537.9296875,1909086
2022-02-28,71537.92993495204,71537.92993495204,70949.4856170612,71033.546875,1561400
2022-03-01,71033.54539424871,71790.11996840537,70697.29261334334,71453.8671875,1529867
2022-03-02,71958.24248077832,71958.24248077832,70781.36162568927,71453.8671875,1955263
2022-03-03,71453.86565939694,71874.1796875,71201.67414007138,71874.1796875,1242648
2022-03-04,71621.98839512469,71874.17991524936,71285.73562034489,71369.796875,1249616
2022-03-07,70865.42159090996,71369.796875,70529.16881613016,71369.796875,1184306
2022-03-08,70445.1039451466,71033.54827463206,68511.6484375,68511.6484375,3467770
2022-03-09,68763.83543297272,69856.66276020506,68679.77417892692,69772.59375,1565179
2022-03-10,69772.60005447331,70361.0443982827,69688.53879283197,70192.921875,1362992
2022-03-11,70361.04030574806,70529.17057541145,69772.5959961654,70445.1015625,1034674
2022-03-14,70024.79255389371,70781.3671875,69940.73129110193,70781.3671875,1698514
2022-03-15,70613.22902310306,70697.29027651098,68091.32937159209,68175.390625,2817747
2022-03-16,68343.52291077076,69940.72555359025,68343.52291077076,69352.28125,1181708
2022-03-17,69772.59375,70192.91553254747,69520.40223170337,69772.59375,1443654
2022-03-18,69856.67002831014,71621.995327738,69688.5397465665,70781.3671875,1661194
2022-03-21,70781.36033625483,71874.17991524936,70613.23007078528,71369.796875,1102935
2022-03-22,71369.796875,71874.17991524936,71369.796875,71369.796875,915393
2022-03-23,71369.796875,71958.24116990449,71369.796875,71369.796875,1141554
2022-03-24,71369.80280645881,71369.80280645881,70192.921875,70192.921875,673406
2022-03-25,70613.23111307641,70613.23111307641,68931.96721436101,69352.28125,1343741
2022-03-28,69772.59403247599,69772.59403247599,68931.96597629624,69268.21875,856697
2022-03-29,69268.22023073431,69772.59552399223,68595.70691279131,68847.8984375,1202966
2022-03-30,68763.8384783032,70192.91864116736,68511.6469488378,68931.96875,1079315
2022-03-31,68931.96999071837,69436.34530256789,68931.96999071837,69016.03125,581524
2022-04-01,69016.03222688004,70276.98215859143,68175.39635368582,69604.4765625,1063254
2022-04-04,69940.72680673146,70697.29363566909,69436.34375,69436.34375,840872
2022-04-05,69604.47124190841,69940.72401425084,69436.34097765757,69772.59375,621324
2022-04-06,69688.5369956514,71453.86998155383,68679.77861348992,71117.6171875,2373337
2022-04-07,71369.79635766635,71621.98787596298,69772.59375,69772.59375,1095968
2022-04-08,70529.1683048899,70529.1683048899,69688.5324959542,69772.59375,930864
2022-04-11,69772.59375,69772.59375,69772.59375,69772.59375,0
2022-04-12,69772.59403247599,69940.7242974075,68595.7054464332,69268.21875,993575
2022-04-13,69772.59403247599,69856.66304302138,68931.96597629624,69268.21875,1004676
2022-04-14,69268.22462333254,69688.53868706131,68091.3359375,68091.3359375,1359803
2022-04-15,68259.45622492571,68511.6477573673,67418.828125,67418.828125,1056758
2022-04-18,67250.69767076169,67418.82794399124,65233.18092896506,65317.2421875,1461251
2022-04-19,65401.303446034944,65989.74776809888,65233.18092896506,65317.2421875,1185015
2022-04-20,65569.43470464733,66326.0015551509,65317.24316909288,65905.6875,1068332
2022-04-21,65905.6875,66578.19309070535,65737.55722424378,65905.6875,2572454
2022-04-22,66494.13261620053,69436.3465493238,66494.13261620053,69100.09375,3279164
2022-04-25,69100.08871230955,69772.59426192865,64728.794883626106,68763.8359375,2928171
2022-04-26,66410.05798264018,67671.0078125,66410.05798264018,67671.0078125,2258072
2022-04-27,67166.63725933884,68931.9702477952,65737.55706542278,68511.6484375,1688593
2022-04-28,68511.6484375,68595.70969709512,66830.38446479855,68511.6484375,666202
2022-04-29,68427.5874935744,69184.1543457403,67250.69882917429,68007.2734375,1487115
2022-05-02,68007.2734375,68007.2734375,68007.2734375,68007.2734375,0
2022-05-03,68007.2734375,68007.2734375,68007.2734375,68007.2734375,0
2022-05-04,68007.26862127542,68091.32987530518,66410.05825775434,67166.6328125,1054160
2022-05-05,67671.01411761127,68511.65000122879,66914.44725166747,68091.3359375,1203793
2022-05-06,66998.50402380261,68259.45388665627,66746.3125,66746.3125,916337
2022-05-09,66241.9378600994,67586.94899206342,65401.30202454212,65485.36328125,1977230
2022-05-10,64812.85685119633,67250.6953125,64812.85685119633,67250.6953125,1093606
2022-05-11,67250.6953125,67502.88683542096,66410.05948814991,67250.6953125,1099865
2022-05-12,66410.06080077164,67166.63538448853,64728.796875,64728.796875,1148286
2022-05-13,64728.79735118997,65569.43319833986,61366.26171875,61366.26171875,2319011
2022-05-16,63467.84692718172,64224.41763205057,62206.89704509357,62375.0234375,1840942
2022-05-17,62375.02264384512,64728.79598566577,61450.32555833561,63888.16015625,2671776
2022-05-18,64728.79625583123,64728.79625583123,63047.52846806213,63383.78125,1040461
2022-05-19,63047.52820491396,64476.60446122509,62879.40181464675,63888.16015625,680019
2022-05-20,63131.59625820885,64308.481044496904,63047.53112014832,63299.72265625,781585
2022-05-23,63551.91073873439,63551.91073873439,61870.642869013805,62543.15234375,745919
2022-05-24,62963.46582552919,63635.975294101496,62459.08663265987,63551.91015625,1061364
2022-05-25,63888.16103403441,64728.796875,62879.40267857143,64728.796875,964877
2022-05-26,64728.796997131474,64812.858254538776,63888.16115457976,64476.60546875,1156080
2022-05-27,64476.60645805092,65065.05078125,64140.353667102834,65065.05078125,1053452
2022-05-30,65065.046654984755,68091.32933775785,64224.41473092534,65569.4296875,1567659
2022-05-31,66326.0,66326.0,65569.43316723572,66326.0,571249
2022-06-01,66410.05798264018,67671.0078125,66410.05798264018,67671.0078125,943382
2022-06-02,67671.0078125,67671.0078125,67671.0078125,67671.0078125,0
2022-06-03,65905.68789241818,66830.38502418384,64224.42002756425,65149.11328125,623331
2022-06-06,65149.1135415787,67250.6993505638,63131.59674938811,66998.5078125,1039870
2022-06-07,66410.06417026497,68931.97182111752,65653.49730432116,68091.3359375,1101873
2022-06-08,68091.33682016228,68091.33682016228,66241.94250592617,66578.1953125,1375510
2022-06-09,66410.06307754683,67166.63768720183,65317.24342736939,65401.3046875,1260717
2022-06-10,65401.303446034944,66410.06181693326,65065.050655735504,65317.2421875,461652
2022-06-13,64728.797148613536,64728.797148613536,62290.95862882008,64224.41796875,1305949
2022-06-14,63467.84699163139,65653.4939732143,62206.897108262776,64728.796875,1259182
2022-06-15,65065.05119220164,65821.6180375734,63299.7220895344,64308.48046875,1468691
2022-06-16,64476.60825444128,67250.69967417208,64308.48185428305,66494.1328125,1428537
2022-06-17,64728.79727278658,65821.61689221411,63972.2265625,63972.2265625,1240758
2022-06-20,66830.38168112547,66830.38168112547,63299.719729354634,63888.16015625,1286935
2022-06-21,63888.16201160764,65317.2421875,63215.65643100876,65317.2421875,1106715
2022-06-22,65485.36280282835,65569.43181508154,63047.52820491396,63888.16015625,1262725
2022-06-23,63131.59597336963,64476.60715163037,62963.46569800715,63804.1015625,697026
2022-06-24,64056.29351840444,64140.3547785582,62711.27845322516,63047.53125,765996
2022-06-27,63467.847906834446,63888.16195529837,62879.40358528915,62963.46484375,1018612
2022-06-28,63047.52808873701,64728.79586639077,62879.401698779606,64140.3515625,1294139
2022-06-29,63720.035308716695,63804.100444925476,63299.72126191226,63467.84765625,1000897
2022-06-30,63467.8466536766,63888.16069384153,62879.40234375,62879.40234375,801190
2022-07-01,62627.21248888429,63047.53041834844,61282.20131952678,62206.8984375,1633323
2022-07-04,62963.46653557635,63215.658073894956,62122.83453798091,62290.9609375,881262
2022-07-05,62963.46528122367,62963.46528122367,61870.64176708076,62206.8984375,1257174
2022-07-06,61954.707447184206,62122.83384482738,57919.66614758837,61198.13671875,1828424
2022-07-07,61114.07037936202,63467.84765625,60273.43840767333,63467.84765625,1486170
2022-07-08,62963.46528122367,63047.53041834844,62122.83330037522,62206.8984375,898741
2022-07-11,61618.45238985243,61786.57878132359,60525.62890625,60525.62890625,780404
2022-07-12,60525.62890625,60525.62890625,60525.62890625,60525.62890625,0
2022-07-13,60357.50390625,61702.515069026944,60021.24723747592,60357.50390625,1629661
2022-07-14,60357.503628777355,61198.13560164843,60189.37335612332,60861.8828125,389021
2022-07-15,60609.6900151887,61786.57863069752,60609.6900151887,60777.81640625,705647
2022-07-18,60945.942945888026,61282.1996069101,60525.62890625,60525.62890625,462243
2022-07-19,60525.63183768908,60609.69309845612,59769.06110038597,59937.1875,959090
2022-07-20,60189.374582461256,60945.9453125,60189.374582461256,60945.9453125,643526
2022-07-21,60945.9453125,61282.20198657937,60609.69251650054,60945.9453125,1375392
2022-07-22,60609.69251650054,61114.07171049974,60525.63125654062,60945.9453125,1192337
2022-07-25,60861.88130369451,61534.38686531952,60525.628522882,61282.19921875,1136948
2022-07-26,61534.38771763766,62543.14995212736,61534.38771763766,62122.83203125,1322483
2022-07-27,62206.8992580629,63047.53125,61954.70772144181,63047.53125,1487941
2022-07-28,63383.78391623062,63551.91031427177,62879.40472210717,63299.72265625,1375628
2022-07-29,63383.78417836762,63467.84931677581,62795.33984375,62795.33984375,1388856
2022-08-01,62795.33754324296,64728.796875,62543.1498934171,64728.796875,1862791
2022-08-02,64728.79732048459,66578.19152964129,63888.161473733475,66326.0,2099581
2022-08-03,65821.61669765985,66830.3828125,65569.4329251094,66830.3828125,1187731
2022-08-04,66830.38152384717,69352.28125,66746.31251179182,69352.28125,2670359
2022-08-05,68931.96875,69268.22153723399,68175.39416160382,68931.96875,1648439
2022-08-08,68931.96875,69352.28279500258,68847.89973607179,68931.96875,1080615
2022-08-09,68931.96925018134,68931.96925018134,67166.63628727366,67923.203125,1438339
2022-08-10,67334.75504161466,68091.32959322608,67334.75504161466,67671.0078125,599357
2022-08-11,68343.52591830974,68931.9702477952,67755.0815888243,68511.6484375,1383541
2022-08-12,68511.64967638481,68847.9024770055,68007.27435353372,68595.7109375,1478375
2022-08-15,68931.96620298443,69184.14996697211,68679.77468283745,68763.8359375,1487469
2022-08-16,68931.9702477952,68931.9702477952,68175.39564295972,68511.6484375,811465
2022-08-17,68259.45690255484,68679.77871285003,68259.45690255484,68511.6484375,902284
2022-08-18,68343.52591830974,68931.9702477952,68259.45690255484,68511.6484375,1852516
2022-08-19,67755.08190139143,68931.97056579155,67755.08190139143,68007.2734375,1355788
2022-08-22,67334.75656808719,68511.64517094543,67250.6953125,67250.6953125,620969
2022-08-23,67250.69785131904,68343.52523984603,67166.63659255841,67418.828125,765288
2022-08-24,68259.45541937242,69688.53558223657,67502.88858713585,68931.96875,1279849
2022-08-25,69100.0912655372,69100.0912655372,68343.52443330061,68931.96875,636322
2022-08-26,68931.96721436101,70361.03958922924,68931.96721436101,69352.28125,1841769
2022-08-29,68427.58416666667,69352.28125,68007.27013102768,69352.28125,1123721
2022-08-30,69352.28603519998,72294.5,69352.28603519998,72294.5,2955806
2022-08-31,72294.4983513801,72714.82016259496,70613.234375,70613.234375,1247017
2022-09-01,70613.234375,70613.234375,70613.234375,70613.234375,0
2022-09-02,70613.234375,70613.234375,70613.234375,70613.234375,0
2022-09-05,70613.23237826703,70865.42390663277,69352.28249259794,69436.34375,1827951
2022-09-06,69436.34499109544,70613.23364039803,69016.03094041297,69520.40625,1213241
2022-09-07,68931.96696120017,69352.28099529551,67082.57280132562,67250.6953125,2708387
2022-09-08,68007.2680843917,68007.2680843917,65569.4296875,65569.4296875,1268748
2022-09-09,65989.74597508782,66662.251537414,65737.55445017562,66241.9375,1215485
2022-09-12,66914.4468738556,66998.50813489476,66241.94127322268,66494.1328125,827644
2022-09-13,66746.31811595113,66746.31811595113,66073.8125,66073.8125,1402909
2022-09-14,64896.923957534535,66830.38330984731,64728.797563169916,65821.6171875,1282329
2022-09-15,65989.75096195578,66662.25657510346,65653.49815538195,66578.1953125,722653
2022-09-16,66662.25101107088,67250.6953125,65989.74545405457,67250.6953125,1794175
2022-09-19,66410.06001250181,67418.82611215056,65569.43193767381,66241.9375,1108368
2022-09-20,66241.94250592617,67250.70092564767,66073.81222455922,66578.1953125,615537
2022-09-21,66662.25278746853,66914.44431710982,65485.36415324888,66326.0,589555
2022-09-22,65317.238171242374,66073.80496385605,65149.107908350896,65569.4296875,1397123
2022-09-23,64896.9250838768,65317.24301612322,63720.03642481876,63804.1015625,1221272
2022-09-26,63131.59638823367,64728.799111954126,62290.96051821665,63047.53125,1483217
2022-09-27,63888.16224043094,63888.16224043094,62375.02467866398,62459.0859375,771665
2022-09-28,62206.8992580629,63047.53125,62038.76898159557,63047.53125,694073
2022-09-29,63888.16239919688,63888.16239919688,62206.8984375,62206.8984375,694191
2022-09-30,61534.38671875,62459.083802821704,60861.881158726836,61534.38671875,1490894
2022-10-03,61786.58075898154,62038.768415220395,59096.550653181264,59348.7421875,1056876
2022-10-04,58844.36396346883,60441.56669884209,58424.04602539378,59937.1875,1512742
2022-10-05,60021.24736311056,60525.63042828751,59769.059708601926,60105.3125,986135
2022-10-06,60525.62839767491,60525.62839767491,58760.29548494155,58928.421875,887521
2022-10-07,58508.10801140517,58508.10801140517,54893.38091929103,56070.26953125,2496279
2022-10-10,55902.14250482214,56910.900836672816,53884.6219630411,54725.25390625,1555377
2022-10-11,54893.38029206609,55481.82459132187,52119.2890625,52119.2890625,1371967
2022-10-12,52959.92662297757,54893.38209479406,52287.41716827981,53800.55859375,1792049
2022-10-13,53884.623916334735,55902.14453125,52707.7352751009,55902.14453125,1885820
2022-10-14,57583.412920846764,57583.412920846764,56574.65066446621,57247.15625,1888773
2022-10-17,56574.65152596814,57163.095861310794,55061.51005739557,55734.01953125,1466093
2022-10-18,57163.09387243088,57163.09387243088,56574.649557562014,56910.90234375,1045185
2022-10-19,57079.02734375,57163.09247728516,56574.6481767781,57079.02734375,740959
2022-10-20,57079.02808090758,58844.36100522747,56406.52251625986,58171.8515625,1791813
2022-10-21,58171.852106403414,59432.805869027354,57163.09375,57163.09375,1516049
2022-10-24,58424.043634544156,58424.043634544156,55313.69955184729,57163.09375,791388
2022-10-25,55481.82637418364,59348.74119316495,55481.82637418364,58760.296875,1813425
2022-10-26,59348.742474244515,59348.742474244515,57583.41335972376,58844.36328125,698443
2022-10-27,59264.67527108496,61282.19972891503,58255.916920249685,60273.4375,1532701
2022-10-28,60945.94573528715,62627.21360502747,60189.375,60189.375,1843541
2022-10-31,61786.578125,61786.578125,60945.94229849404,61786.578125,778751
2022-11-01,62206.8992580629,63047.53125,61618.45492466696,63047.53125,975624
2022-11-02,62206.89728921222,62627.21133283786,60525.629480470285,61870.640625,1482273
2022-11-03,60525.629749679916,61702.51450637804,60525.629749679916,61366.26171875,858114
2022-11-04,60105.31237418941,60945.94435092499,57919.665356597034,60357.50390625,1816378
2022-11-07,60357.50390625,61366.26227833271,59769.05958349517,60357.50390625,1454992
2022-11-08,60525.62864030273,63047.528379368785,60189.37198075816,61030.0078125,1960341
2022-11-09,61786.58050803585,62375.02483366968,61030.00978623232,62206.8984375,1434678
2022-11-10,62122.83384482738,62122.83384482738,60189.37445481109,61198.13671875,1131988
2022-11-11,61366.26190990854,63467.84765625,61366.26190990854,63467.84765625,1552070
2022-11-14,63467.84653272303,64308.4784895306,62290.95791511268,63131.59375,1814606
2022-11-15,62543.15205483774,64224.41991679186,60609.69265626252,63047.53125,1868105
2022-11-16,59096.54872308441,65569.43224186158,59096.54872308441,63131.59375,2775113
2022-11-17,63972.227675678136,64392.5456060579,63467.84848607033,64308.48046875,1943571
2022-11-18,63804.1012791422,64644.73326182187,61870.64190185916,64308.48046875,1848028
2022-11-21,64308.48117694562,64308.48117694562,63047.53125,63047.53125,1307248
2022-11-22,62627.21007342626,63888.15993510549,60945.94229849404,61786.578125,2286416
2022-11-23,61366.260211747016,61786.578125,60861.88104269127,61786.578125,937950
2022-11-24,61786.57964232495,62206.8975658999,60945.94379517506,61366.26171875,1277842
2022-11-25,61450.328125,61870.64217918389,61198.13659002576,61450.328125,1978293
2022-11-28,62627.21126883196,64728.796997131474,62038.76695466171,64476.60546875,1584783
2022-11-29,63888.164841424754,67082.578125,63888.164841424754,67082.578125,2016439
2022-11-30,67502.89159458374,68091.3359375,64728.80015918989,68091.3359375,1561990
2022-12-01,68007.2698812629,68427.58391535823,66578.18975548369,67250.6953125,1392280
2022-12-02,67166.63453575724,71453.8671875,66662.25148631947,71453.8671875,1465975
2022-12-05,70697.29261334334,73135.13109202684,69352.28148972186,71453.8671875,1965184
2022-12-06,71453.86667809103,71621.9891892654,67250.6953125,67250.6953125,1544748
2022-12-07,67250.69994531058,68931.97170983131,65569.43593694978,65989.75,1719299
2022-12-08,66410.06080077164,68091.33248270283,64728.796875,64728.796875,2491555
2022-12-09,65905.6853777331,66578.1909467827,64812.85801090783,64980.98828125,1988922
2022-12-12,66241.93942764816,67671.01185013763,65065.05078125,65065.05078125,2486831
2022-12-13,65653.49343094561,66662.2517780767,65485.36316167736,65737.5546875,2636582
2022-12-14,66998.50431857709,66998.50431857709,65989.74597508782,66241.9375,1279613
2022-12-15,66241.93849756311,67839.14117118057,66073.80822636989,66830.3828125,1476722
2022-12-16,66830.38529123072,69688.53795824733,66326.00221510314,66998.5078125,3729716
2022-12-19,67250.70092564767,68091.33682016228,66410.06503113307,66578.1953125,894607
2022-12-20,66998.50682811643,68931.9700874246,66410.0625,66410.0625,1682216
2022-12-21,68427.58316922089,68427.58316922089,66157.875,66157.875,1136122
2022-12-22,66830.38026478373,68175.39135841647,66662.25,66662.25,1267803
2022-12-23,67418.82995241026,68259.45807512148,66494.1328125,66494.1328125,1274535
2022-12-26,66578.19152964129,67923.20267951541,66326.0,66326.0,1421451
2022-12-27,67418.82995241026,67671.01373552768,66326.00253426182,66494.1328125,1249498
2022-12-28,67586.94809100815,68931.96696120017,66830.38127840466,67250.6953125,1385903
2022-12-29,69184.1517590786,69352.28202891817,67671.01035516043,67839.140625,1461369
2022-12-30,69688.53377380366,69856.66404113744,67250.6953125,67250.6953125,1784372
2023-01-02,67250.6953125,67250.6953125,67250.6953125,67250.6953125,0
2023-01-03,67418.82703539327,69436.34375,67418.82703539327,69436.34375,1287053
2023-01-04,69688.53782297147,69688.53782297147,68763.84068930578,69604.4765625,989559
2023-01-05,69604.47598917194,70613.234375,69352.28445367498,70613.234375,1273826
2023-01-06,70613.234375,71285.73996555204,70529.17311522094,70613.234375,1329215
2023-01-09,72126.37321993671,73051.0703125,71285.7373841084,73051.0703125,1968845
2023-01-10,72462.63096906511,75572.97524301338,72462.63096906511,73387.328125,2494862
2023-01-11,73387.32389271424,73387.32389271424,71537.9296875,71537.9296875,1160923
2023-01-12,71621.99499325689,71621.99499325689,70445.10629502778,71285.7421875,2219099
2023-01-13,71621.99193482305,72714.81932398655,71621.99193482305,72126.375,970782
2023-01-16,72294.50068791329,74396.08654343078,72294.50068791329,73387.328125,868271
2023-01-17,74396.08166863139,75152.65625,73387.32331629946,75152.65625,761272
2023-01-18,75657.03125,76497.6670850443,75152.65595390102,75657.03125,984954
2023-01-19,75236.71600266092,80700.83720848529,73555.45211572386,78178.9375,2027540
2023-01-20,78178.9375,78178.9375,78178.9375,78178.9375,0
2023-01-23,78178.9375,78178.9375,78178.9375,78178.9375,0
2023-01-24,78178.9375,78178.9375,78178.9375,78178.9375,0
2023-01-25,78178.9375,78178.9375,78178.9375,78178.9375,0
2023-01-26,78178.9375,78178.9375,78178.9375,78178.9375,0
2023-01-27,78178.9375,79523.94860954965,76917.97988959799,78178.9375,1832912
2023-01-30,77422.36290297513,77758.61568022885,75488.90749472642,75572.96875,1234145
2023-01-31,75572.97050600618,77254.2421875,73807.63756728554,77254.2421875,1709733
2023-02-01,77338.30738299547,77758.62144669263,74900.46875,74900.46875,1342088
2023-02-02,74480.15015386356,77338.30267662524,74480.15015386356,76161.4140625,1162812
2023-02-03,75909.22155743574,78178.9375,74900.4632252735,78178.9375,1055105
2023-02-06,77842.68327628884,80953.03529252275,76917.98612447875,80700.84375,1359567
2023-02-07,80112.39602599894,80280.5185431542,77338.3046875,77338.3046875,1411767
2023-02-08,77422.3624256814,80868.95918840391,77422.3624256814,79187.6953125,1044948
2023-02-09,78851.44305477482,79860.20138693706,78178.9375,78178.9375,896851
2023-02-10,79439.890625,79439.890625,78010.81044514483,79439.890625,764933
2023-02-13,79692.07748728171,80196.46057174096,77338.30785751187,78599.2578125,1030658
2023-02-14,78599.25302500885,78599.25302500885,76665.79757928208,77758.6171875,1350001
2023-02-15,77758.61571114621,79187.69583216224,76665.79612367696,78178.9375,1062073
2023-02-16,78178.9377331651,79019.5658010611,77506.42442022517,77674.5546875,917164
2023-02-17,78178.9375,78431.12126592103,77338.30167845178,78178.9375,1085220
2023-02-20,78178.93973846956,79439.88962881654,78178.93973846956,78851.4453125,1293195
2023-02-21,79187.6953125,79776.1396081062,79019.56504682994,79187.6953125,797765
2023-02-22,79187.69583216224,79271.75708746925,77758.61571114621,78178.9375,1211115
2023-02-23,78178.9412220726,79019.56932748345,76665.7997737094,78431.125,1211351
2023-02-24,78178.94374622396,79019.57187877604,75657.0360800877,78599.2578125,745683
2023-02-27,78178.94277812443,78599.25683919567,77086.11536071534,78010.8125,591681
2023-02-28,78263.00500824716,78767.38033654641,77842.68318581113,78599.2578125,668209
2023-03-01,77590.49320053219,78515.19027738742,77506.4241890658,78178.9375,861775
2023-03-02,78178.93998404409,78851.44556018698,77170.17386367012,78347.0625,1162930
2023-03-03,77170.17623234303,78010.81210640408,76413.609375,76413.609375,943146
2023-03-06,76497.671875,77506.43028652159,76497.671875,76497.671875,840753
2023-03-07,76917.98164627359,77758.6174870205,76581.72886120674,77254.2421875,1145924
2023-03-08,76497.67128377478,77506.4296875,76245.47974380349,77506.4296875,1029713
2023-03-09,77338.30167845178,78515.19027738742,77086.11015637137,78178.9375,1296856
2023-03-10,77506.42844742551,77758.61998336182,76917.98411562738,77422.3671875,835911
2023-03-13,77338.30618836448,77338.30618836448,76329.54779737741,76917.984375,896615
2023-03-14,76497.671875,76665.80215500026,76077.35780923934,76497.671875,1020029
2023-03-15,77002.05214886481,77338.30494043473,76581.73034228264,76833.921875,954011
2023-03-16,76497.671875,77338.30776268132,75236.72192155803,76497.671875,951886
2023-03-17,76497.67023311739,76581.7314932333,74816.40625,74816.40625,2683468
2023-03-20,74816.40405352873,75236.71809792847,71537.9296875,71537.9296875,1221154
2023-03-21,71790.12318454469,75572.97295631828,71790.12318454469,72714.8203125,1248789
2023-03-22,72798.88171409932,75572.97310336286,72798.88171409932,74816.40625,1246899
2023-03-23,74648.2738842042,76245.4765625,73387.32399312018,76245.4765625,1003259
2023-03-24,76497.67023311739,76497.67023311739,74732.33723372426,74816.40625,744030
2023-03-27,74816.40785579736,76497.671875,73975.77196811604,76497.671875,862248
2023-03-28,76329.5438045641,78094.86895740702,75741.09950156334,77170.171875,998889
2023-03-29,77758.61469591898,77758.61469591898,76077.35083093273,77590.4921875,499326
2023-03-30,77590.49720525737,78347.06405438835,77338.30567016045,77926.75,483855
2023-03-31,78010.81052357456,78347.06331514448,76077.35503300761,76833.921875,1122658
2023-04-03,77086.11536071534,78094.87376098227,76665.8012996441,78010.8125,870042
2023-04-04,78010.81026844041,78094.87152701804,77002.0518970298,77338.3046875,318751
2023-04-05,77590.49746351081,77590.49746351081,76581.73131976555,77422.3671875,396816
2023-04-06,76917.98064339242,77422.36369249618,76665.796875,76665.796875,444410
2023-04-07,76497.6670850443,76581.72834170089,75236.71721055759,75657.03125,882443
2023-04-10,75657.03436347879,75657.03436347879,74816.40625,74816.40625,755013
2023-04-11,74816.40395376628,75657.03204144485,74143.890625,74143.890625,887639
2023-04-12,74227.9609375,74480.15247068013,73975.76940431987,74227.9609375,612230
2023-04-13,74227.95963869552,74396.0821537674,73807.63783869665,74143.890625,579871
2023-04-14,74227.96217708939,74900.46777269394,74143.89316051894,74312.0234375,489878
2023-04-17,74312.0234375,74396.08469791061,73807.64036271666,74312.0234375,577390
2023-04-18,74227.95714529601,74480.14866559203,73555.45159527952,73975.765625,820913
2023-04-19,74059.83313409507,74564.21621728246,73975.77187228383,74396.0859375,492358
2023-04-20,74648.27498869374,74648.27498869374,73975.76940431987,74227.9609375,304461
2023-04-21,73975.76716346169,74059.82841992212,73471.38411238008,73555.453125,421026
2023-04-24,73975.77219968327,74396.08626675965,73135.13630937051,73891.7109375,597349
2023-04-25,74143.89192233348,74396.08345551361,73555.45535312613,74227.9609375,644589
2023-04-26,73975.76762753297,75236.71750698778,73891.70637054519,75152.65625,838746
2023-04-27,74564.21164498595,76077.35304560189,74312.0201188567,75657.03125,685452
2023-04-28,75657.02977509213,76077.3515625,74648.27144640006,76077.3515625,832250
2023-05-01,76077.3515625,76077.3515625,76077.3515625,76077.3515625,0
2023-05-02,76077.3515625,76077.3515625,76077.3515625,76077.3515625,0
2023-05-03,76077.3515625,76077.3515625,76077.3515625,76077.3515625,0
2023-05-04,75657.03588930848,75657.03588930848,74396.0859375,74396.0859375,585776
2023-05-05,74396.07892482537,75572.96750388751,74143.8874070036,75488.90625,266551
2023-05-08,75657.03003535535,78347.06001061402,75488.90752474133,78178.9375,1771736
2023-05-09,78178.936479285,78935.503279489,77590.4921875,77590.4921875,665375
2023-05-10,77254.24342892237,78178.94054175535,77002.0518970298,77338.3046875,492949
2023-05-11,77338.30776268132,77422.36902460146,76497.671875,76497.671875,597113
2023-05-12,76497.67102151967,78010.8125,76329.54849955512,78010.8125,839100
2023-05-15,77338.3008945241,78178.93670755134,76665.79534656602,77086.109375,532040
2023-05-16,77338.30438186777,78263.00149104645,76749.86006183046,77842.6796875,786664
2023-05-17,77758.6209608933,78178.94277812443,77590.49843892876,78010.8125,676358
2023-05-18,78094.87018817617,80700.83896484366,77506.42587590155,79860.203125,1982308
2023-05-19,79439.88683292542,79776.1396081062,77842.67645561755,79187.6953125,519521
2023-05-22,78178.93874335609,78935.50556547035,77506.42542172625,78263.0,734936
2023-05-23,78178.94277812443,78683.31810017794,77422.36816080431,78010.8125,671752
2023-05-24,78010.8125,78010.8125,78010.8125,78010.8125,0
2023-05-25,77842.67943981302,79019.5680761429,76833.92107559866,78347.0625,716394
2023-05-26,78347.06305891061,78599.25459080319,77338.3046875,77338.3046875,335049
2023-05-29,77338.30290843842,79860.20265703193,77338.30290843842,78263.0,697380
2023-05-30,78263.00197760866,79692.07440130413,77674.55765391297,79439.890625,666674
2023-05-31,78935.509052143,79103.63932901683,78263.0034569673,79019.5703125,448898
2023-06-01,79523.95213807745,79523.95213807745,78347.06348692253,78935.5078125,763280
2023-06-02,78935.50479825294,79860.20188082689,78431.1217509728,79776.140625,871341
2023-06-05,80028.33210744306,82970.54586530408,80028.33210744306,82382.1015625,1532701
2023-06-06,82382.10631271398,83222.7421875,81121.15637861488,83222.7421875,896969
2023-06-07,83222.74046476932,83222.74046476932,81541.46875,81541.46875,885277
2023-06-08,81541.46746751074,85492.4474033017,81541.46746751074,84063.375,1581831
2023-06-09,84063.37346367979,85744.63736512006,83222.73763487994,84483.6875,968656
2023-06-12,83979.30293190021,85324.32178487402,82466.16156990423,84904.0,513853
2023-06-13,84063.37514520163,86585.27492588735,83811.18361590113,86164.953125,990740
2023-06-14,86080.89316338165,87425.9120878493,85324.32632024836,86249.0234375,992630
2023-06-15,86164.95012119043,87173.71620322565,85408.38331582333,87005.5859375,1077308
2023-06-16,87594.0334869362,89443.42769781646,86753.39763940164,88266.5390625,1572855
2023-06-19,87089.647948037,87509.96973791896,85492.4453125,85492.4453125,1346221
2023-06-20,84988.07078735858,84988.07078735858,83895.2434312316,83979.3046875,2104069
2023-06-21,83811.18347113511,84483.68904400175,83811.18347113511,84063.375,1402909
2023-06-22,84063.375,84063.375,84063.375,84063.375,0
2023-06-23,84399.6264811609,84399.6264811609,83643.05190626696,83979.3046875,832841
2023-06-26,83306.80041340535,84819.94183043507,83306.80041340535,84063.375,953303
2023-06-27,84063.375,84904.0030880035,83811.18347113511,84063.375,810047
2023-06-28,84063.37323023588,85912.76739476412,83895.24296247904,84988.0703125,969837
2023-06-29,85576.51686698958,86585.27523159356,84988.07254859734,85660.578125,756548
2023-06-30,84988.07210173152,85576.51641702972,84063.375,84063.375,657344
2023-07-03,84063.375,84735.88057286663,83895.24472870355,84063.375,578808
2023-07-04,84651.8193152982,85660.57767459816,83979.30598627198,84063.375,806268
2023-07-05,84904.00476424047,86164.9546772999,84315.56043732476,85744.640625,1126555
2023-07-06,85828.70120080053,85912.77021551887,84483.69003922297,84651.8203125,1205801
2023-07-07,84483.6893828339,88266.5390625,84399.62812492833,88266.5390625,1257528
2023-07-10,88182.48019858795,88182.48019858795,85996.83314058946,86333.0859375,1080733
2023-07-11,85576.51509379802,88266.53734366994,85576.51509379802,86585.2734375,1048255
2023-07-12,86333.0866464468,87846.22812304975,86333.0866464468,87425.9140625,877246
2023-07-13,88266.53781922153,88266.53781922153,87173.71821336316,88182.4765625,1096322
2023-07-14,88182.47780459443,88266.5390625,87425.91097112505,88266.5390625,942083
2023-07-17,88266.53657357045,88266.53657357045,87594.03101696988,88098.4140625,934879
2023-07-18,88182.47680402966,88266.53806098143,87678.09375,87678.09375,696790
2023-07-19,87930.28944883998,90031.87526545997,87930.28944883998,89527.4921875,1093842
2023-07-20,88686.8608643471,89443.42769781646,87089.65042718354,88266.5390625,911259
2023-07-21,88266.5390625,88266.5390625,87425.91097112505,88266.5390625,783475
2023-07-24,88350.61087767316,88602.79465938522,87846.2278019293,87930.2890625,954838
2023-07-25,89748.07810796074,91832.93390471647,89648.79926049618,91038.703125,2374800
2023-07-26,91237.25488490364,92726.4375,91237.25488490364,92726.4375,1146400
2023-07-27,93024.27277170982,93024.27277170982,91832.92669565804,92031.484375,957200
2023-07-28,92031.4915826613,92329.328125,91137.98195564517,92329.328125,1116900
2023-07-31,92329.32570278384,92527.88339246725,90939.421875,90939.421875,1468300
2023-08-01,90939.4200589364,92130.76617324562,90542.3046875,90542.3046875,1281600
2023-08-02,90542.30409836065,90840.140625,90343.74641393442,90840.140625,1055800
2023-08-03,90840.14240997517,90840.14240997517,89847.3539683361,89946.6328125,837900
2023-08-04,90045.90741190343,90443.02276983907,89450.234375,89450.234375,1231600
2023-08-07,89450.23561398678,90145.1875,89350.95677312775,90145.1875,1111700
2023-08-08,90145.19290931642,90542.30829658214,89450.24098160143,90045.9140625,823400
2023-08-09,90045.9098357816,90244.46752009423,89450.23678284368,89549.515625,591600
2023-08-10,89847.35023834746,89847.35023834746,87861.7734375,87861.7734375,1336100
2023-08-11,87861.78002281526,89748.078125,87861.78002281526,89748.078125,920800
2023-08-14,89648.79685744383,89648.79685744383,88358.171875,88358.171875,1471800
2023-08-15,89350.95788807649,89350.95788807649,87861.77525660854,88258.890625,1148500
2023-08-16,88159.61119674888,88755.28424537556,88060.3323553111,88556.7265625,727300
2023-08-17,88556.73136884788,89152.40444980425,87961.0582878915,88755.2890625,2145100
2023-08-18,89152.39902234636,89648.79322625698,88358.16829608938,88854.5625,2430400
2023-08-21,89053.11959736915,89549.51379802338,88556.72539671492,89152.3984375,1710900
2023-08-22,88854.56730769231,89053.125,87166.82692307692,87762.5,1825000
2023-08-23,88258.89051636732,88258.89051636732,85479.08294104866,85677.640625,1754800
2023-08-24,85677.64184626436,87563.93987068965,85379.80531609195,86372.59375,902800
2023-08-25,85578.359375,86372.59008845707,85379.80169663572,85578.359375,1404600
2023-08-28,85776.92068965516,86868.98796695402,85578.36300287356,86372.59375,1378300
2023-08-29,86372.59615384616,87861.77884615384,86273.31730769231,87762.5,1391900
2023-08-30,87861.78003998316,88854.56851501123,87861.78003998316,88457.453125,1350000
2023-08-31,88457.453125,88953.84736251403,87663.22234497755,88457.453125,1531200
2023-09-01,88457.453125,88457.453125,88457.453125,88457.453125,0
2023-09-04,88457.453125,88457.453125,88457.453125,88457.453125,0
2023-09-05,88457.44598016093,90045.90741190343,88457.44598016093,89450.234375,1942200
2023-09-06,89549.515625,89549.515625,89053.1214142184,89549.515625,2017600
2023-09-07,89350.9567039106,90145.1874301676,88854.5625,88854.5625,1765300
2023-09-08,88854.5625,88854.5625,88457.4471368715,88854.5625,1341900
2023-09-11,88953.8406779661,89350.9560381356,87365.37923728814,87861.7734375,1649500
2023-09-12,88358.17010219689,89350.95853031146,88258.89125938543,89251.6796875,1572100
2023-09-13,89350.96275252524,89350.96275252524,88258.89542999439,88457.453125,1582000
2023-09-14,88358.1742774972,88854.56851501123,87464.66464997194,88457.453125,1512600
2023-09-15,88258.88887632238,89152.3984375,87961.05235592985,89152.3984375,2142400
2023-09-18,88854.56125070383,89053.11892947636,87663.2151780687,88159.609375,718100
2023-09-19,88159.61599035187,88556.7313776958,85379.80827894439,87464.6640625,1117200
2023-09-20,87464.66165660512,87762.49818892045,85776.92130681819,87365.3828125,786000
2023-09-21,87365.38218390805,87365.38218390805,86174.03606321839,86372.59375,1066900
2023-09-22,85776.92133258677,88854.56550076987,85379.80595604703,88656.0078125,2408600
2023-09-25,88358.17128009518,88854.56550076987,87663.21937115061,88656.0078125,2210400
2023-09-26,88556.7283045977,88755.2859913793,86273.31490660919,86372.59375,1663200
2023-09-27,86968.27042995444,88358.17429527335,86372.59734481777,87166.828125,1204900
2023-09-28,86571.1520596591,87663.21934481534,85975.47899502842,87365.3828125,1065100
2023-09-29,87663.21508928572,87663.21508928572,86471.86901785714,86868.984375,449300
2023-10-02,86471.87621026012,86571.15505780347,85876.203125,85876.203125,765700
2023-10-03,85876.19830895132,86074.75599290266,85181.24641512167,85677.640625,882600
2023-10-04,85677.640625,85677.640625,84684.85220524334,85677.640625,923800
2023-10-05,85379.80769230769,85379.80769230769,83890.625,83890.625,890000
2023-10-06,83890.62321611533,84784.1328125,82897.83477568794,84784.1328125,800900
2023-10-09,84784.1291555851,84784.1291555851,83394.22539893616,83989.8984375,1096100
2023-10-10,83989.90325566202,85578.36478295586,83989.90325566202,85479.0859375,734100
2023-10-11,85578.36658236994,85876.203125,85081.97234465317,85876.203125,719400
2023-10-12,86273.31427143895,86273.31427143895,84883.41047420059,85379.8046875,714100
2023-10-13,85379.80351472287,85975.4765625,84883.40930824191,85975.4765625,663100
2023-10-16,84982.69171022068,85975.48016477932,84982.69171022068,85479.0859375,332300
2023-10-17,85479.08111721478,85876.19647664436,84883.40807807044,85280.5234375,363400
2023-10-18,84883.40807807044,85379.80227735739,84387.01387878347,85280.5234375,1147400
2023-10-19,84883.41346153847,85379.80769230769,83493.50961538462,83890.625,1363600
2023-10-20,82897.83594671286,84684.85516472583,82103.60518315154,84188.4609375,938400
2023-10-23,83890.625,83890.625,81905.04807692308,83890.625,966600
2023-10-24,83890.62204760175,85876.19890079943,83294.94899164245,85379.8046875,994000
2023-10-25,84486.29807692308,85181.25,83989.90384615384,85181.25,660100
2023-10-26,84387.01923076923,85379.80769230769,82897.83653846155,83890.625,1420300
2023-10-27,83989.90025735294,84387.015625,83195.66952205882,84387.015625,773400
2023-10-30,82897.83128092259,85379.80227735739,82897.83128092259,85280.5234375,592900
2023-10-31,85280.52944088422,86273.3179093462,84287.74097242224,86174.0390625,1345300
2023-11-01,86174.03964977221,87166.828125,85479.08771711276,87166.828125,1479100
2023-11-02,87365.38342696629,88358.171875,85975.47959971911,88358.171875,1057500
2023-11-03,88358.16946709786,88755.2848354893,87464.6598882171,88258.890625,1086600
2023-11-06,88258.88945530726,89152.39902234636,87861.77409217876,88854.5625,774800
2023-11-07,88358.17065402039,88656.00718431483,87663.21875,87663.21875,413900
2023-11-08,87365.37988826816,89053.12018156424,87266.10104748602,88854.5625,1270300
2023-11-09,88854.56302438851,88854.56302438851,87266.1015625,87266.1015625,1166800
2023-11-10,86471.87195675872,86868.98732739827,85379.8046875,85379.8046875,1352000
2023-11-13,85379.80829678362,85479.08714364035,84784.13521564327,84883.4140625,937700
2023-11-14,85379.8046875,85876.19890079943,84784.1316315407,85379.8046875,987500
2023-11-15,85876.20073759978,87067.546875,85876.20073759978,87067.546875,4067800
2023-11-16,86372.59437144887,87365.3828125,86074.75783913353,87365.3828125,1284800
2023-11-17,87166.82199182242,87266.1008323598,84883.40865946261,84982.6875,1588000
2023-11-20,84982.69171022068,86372.59554660278,84387.01863748548,85479.0859375,1098400
2023-11-21,85479.08235601906,86074.7554037962,85181.24583213049,85975.4765625,1151400
2023-11-22,85677.64243620243,86074.7578125,84883.41168360726,86074.7578125,1012700
2023-11-23,86074.7602247807,86174.03907163742,84883.4140625,84883.4140625,647200
2023-11-24,84883.41047420059,85379.8046875,84387.01626090116,85379.8046875,734500
2023-11-27,85379.80769230769,85379.80769230769,84486.29807692308,85181.25,443000
2023-11-28,84883.41346153847,85280.52884615384,84188.46153846155,85181.25,779400
2023-11-29,84784.13340922444,85280.52763293184,84486.296875,84486.296875,733100
2023-11-30,84486.29505792503,84784.1315857438,84089.1796875,84089.1796875,927600
2023-12-01,84287.73678308823,84387.015625,83493.50604779412,84387.015625,714700
2023-12-04,84784.1316315407,85578.36237281977,84188.4585755814,85379.8046875,888100
2023-12-05,85379.80587675644,85479.08472079918,84188.45974824356,84784.1328125,992800
2023-12-06,84684.85039835564,85379.80227735739,84387.01387878347,85280.5234375,638000
2023-12-07,85081.97236282278,85379.80890551643,84387.0204298709,84585.578125,992300
2023-12-08,84585.57330882353,84883.40983455883,84387.015625,84387.015625,1183000
2023-12-11,84387.01983744062,84684.85637804335,83493.51021563243,83592.7890625,1400000
2023-12-12,84089.18329683789,84089.18329683789,83394.23136876484,83592.7890625,1006400
2023-12-13,83592.78483422939,83890.62135976703,83096.390625,83096.390625,1152900
2023-12-14,83394.22837677725,83890.62259330568,83394.22837677725,83791.34375,840600
2023-12-15,83394.23015510949,83791.3455368005,81607.2109375,81607.2109375,2530300
2023-12-18,82202.88278374233,82302.16162768405,80912.2578125,80912.2578125,1804000
2023-12-19,80912.25840902093,80912.25840902093,79522.3545835899,80614.421875,1961300
2023-12-20,80614.41946670777,80713.69830841554,79919.46757475339,80515.140625,1872300
2023-12-21,80415.864782911,80415.864782911,79720.912865034,80316.5859375,2030300
2023-12-22,80316.5859375,80515.14362832201,79820.191710445,80316.5859375,1579800
2023-12-25,80316.58416106357,81210.09375,80118.02647463325,81210.09375,1301600
2023-12-26,81408.6520606884,82202.8828125,81408.6520606884,82202.8828125,971200
2023-12-27,82302.15924463423,82599.99576783554,81905.04388036577,82103.6015625,899600
2023-12-28,82103.60396852354,82500.71934442935,81805.7674365942,82202.8828125,703200
2023-12-29,82897.83716337173,83294.9525509807,79720.9140625,79720.9140625,1621700
2024-01-01,79720.9140625,79720.9140625,79720.9140625,79720.9140625,0
2024-01-02,82302.1628648952,82997.11478293414,81607.21094685628,82897.8359375,1785800
2024-01-03,82897.83653846155,83890.625,82202.88461538462,83890.625,1373000
2024-01-04,83890.6196794965,85578.35995707219,83394.22548020956,85280.5234375,2657900
2024-01-05,85280.5228574536,85578.359375,85081.96517908933,85578.359375,1180300
2024-01-08,85677.64482826901,86174.0390625,85677.64482826901,86174.0390625,1607800
2024-01-09,86174.03964977221,87266.10697252279,86174.03964977221,87166.828125,1926400
2024-01-10,87166.8222067039,88854.5625,86571.14916201116,88854.5625,1795400
2024-01-11,88854.56550076987,89350.95972144457,87961.05590355543,88656.0078125,1489100
2024-01-12,87464.66286464206,88854.5667013106,86769.71094630778,88060.3359375,1909500
2024-01-15,88358.1724826389,89450.23978298611,88258.89363715278,89350.9609375,1914200
2024-01-16,88358.1724826389,89450.23978298611,88258.89363715278,89350.9609375,1367200
2024-01-17,88358.17072332233,90343.74759350935,88358.17072332233,90244.46875,1578200
2024-01-18,90244.46575706641,90542.3022777168,89350.95619511526,90443.0234375,1422900
2024-01-19,90343.74940942225,92329.32631951944,89748.07633639309,91932.2109375,1472600
2024-01-22,92825.72176460597,92825.72176460597,91336.5390625,91336.5390625,1046300
2024-01-23,91435.81367827869,91733.65020491803,89748.07336065573,90840.140625,1256900
2024-01-24,90939.41763858397,91336.53299945116,90244.46575706641,90443.0234375,744700
2024-01-25,90443.0234375,90443.0234375,90443.0234375,90443.0234375,0
2024-01-26,90939.42367527174,91336.5390625,90740.86598165761,91336.5390625,953100
2024-01-29,91137.9777446546,91336.53543037281,90244.4681589227,90542.3046875,730500
2024-01-30,90542.30769230769,90542.30769230769,89450.24038461539,90343.75,888600
2024-01-31,89946.62907838983,89946.62907838983,87861.7734375,87861.7734375,945600
2024-02-01,87365.37931514476,89549.51379802338,87365.37931514476,89152.3984375,598100
2024-02-02,89152.3984375,89152.3984375,89152.3984375,89152.3984375,0
2024-02-05,89549.51862847223,89946.63401041667,88755.28786458334,89350.9609375,1949000
2024-02-06,89648.79322625698,89946.62974860334,88457.4471368715,88854.5625,1352300
2024-02-07,89350.9609375,90145.19170138889,88656.00901909723,89350.9609375,1371400
2024-02-08,89350.9609375,89350.9609375,89350.9609375,89350.9609375,0
2024-02-09,89350.9609375,89350.9609375,89350.9609375,89350.9609375,0
2024-02-15,89350.95853031146,90045.91042999167,88457.44894500835,89251.6796875,1046700
2024-02-16,89251.68028041295,89549.5168108259,88854.56490652902,88953.84375,734100
2024-02-19,89251.67909853104,89847.35215146896,88656.00604559312,89549.515625,1045300
2024-02-20,89450.23979155258,90740.86478299562,88755.28787308325,90641.5859375,1404300
2024-02-21,91038.6989017955,91038.6989017955,89847.35278748629,90542.3046875,1367400
2024-02-22,89946.62974860334,90343.74511173184,88854.5625,88854.5625,1223900
2024-02-23,88854.56367758717,90740.86167744656,88258.890625,88258.890625,1800900
2024-02-26,88258.88945530726,89350.9567039106,88258.88945530726,88854.5625,722000
2024-02-27,88953.84083424808,90542.3022777168,88457.4466331641,90443.0234375,1604900
2024-02-28,90343.74775410678,96697.59375,89748.07469199179,96697.59375,4219900
2024-02-29,97789.65859455294,99775.23541880782,96598.3125,96598.3125,1897000
2024-03-01,97491.8220709147,97491.8220709147,94215.62031089414,96598.3125,2379600
2024-03-04,97293.26432291666,97293.26432291666,94910.57213541666,95307.6875,1640400
2024-03-05,95903.36416884816,95903.36416884816,94513.46034031414,94811.296875,1364800
2024-03-06,94811.29927758891,96101.92429393306,94414.18388794456,94910.578125,2070600
2024-03-07,95208.41165677192,96697.59432085072,94811.29627968423,95109.1328125,2362300
2024-03-08,95208.41043145373,95804.08348941903,94414.1796875,94414.1796875,2229600
2024-03-11,94414.17904821997,95307.68862911795,93421.390625,93421.390625,1840000
2024-03-12,93421.39003740731,94215.62077098782,93322.11119570975,93719.2265625,1107000
2024-03-13,94215.62024739583,95804.08170572916,93619.94720052084,95307.6875,3124500
2024-03-14,95307.68684210526,95406.96568256579,93917.78307565789,94314.8984375,2319300
2024-03-15,94314.89777260637,94314.89777260637,93222.83053523935,93322.109375,2302500
2024-03-18,93619.95314180107,93818.51083669355,91832.93388776881,92329.328125,1839300
2024-03-19,91832.9296875,92825.71811655405,91832.9296875,91832.9296875,868500
2024-03-20,91832.93090296406,93421.39241047479,91832.93090296406,92527.8828125,897700
2024-03-21,93322.11479122899,94811.29747406776,93322.11479122899,94513.4609375,1452700
2024-03-22,94513.45857105809,96101.92005964731,94513.45857105809,95704.8046875,1844100
2024-03-25,94314.8996701933,96201.19766359718,93421.39009437044,95009.8515625,1368800
2024-03-26,95307.68691588784,95903.35995911215,95109.12923481308,95605.5234375,735400
2024-03-27,95506.24818958768,95506.24818958768,94910.57512395615,95109.1328125,1046200
2024-03-28,95506.24577129049,95704.8034548067,94910.5727207419,95009.8515625,1232800
2024-03-29,95208.41346153847,95208.41346153847,94215.625,94215.625,801200
2024-04-01,94215.62440093225,95307.69170168067,94017.06670988708,94513.4609375,1221000
2024-04-02,94414.18087797619,94513.45972222222,93222.83474702381,93818.5078125,969000
2024-04-03,93719.22774520256,94116.34311700426,93123.5546875,93123.5546875,1321100
2024-04-04,94215.62024739583,95307.6875,93719.22604166667,95307.6875,2022700
2024-04-05,94116.34615384616,94910.57692307692,93520.67307692308,94215.625,779200
2024-04-08,94215.625,94612.74038461539,93520.67307692308,94215.625,864100
2024-04-09,94314.90505699893,94712.02044671262,93520.67427757158,93619.953125,686800
2024-04-10,93619.95012400794,93917.78665674603,93421.39243551588,93818.5078125,737400
2024-04-11,93322.109375,93917.78241356382,92825.7151761968,93322.109375,778000
2024-04-12,93818.51021571089,94811.29868360201,93123.55828818711,93917.7890625,844800
2024-04-15,93917.78907948369,95804.08716881793,91336.5390625,91336.5390625,1900300
2024-04-16,93123.55769230769,93123.55769230769,89847.35576923077,90343.75,1857700
2024-04-17,90542.30345303868,91435.8130265884,88854.56314744476,89847.3515625,1452600
2024-04-19,89350.95735497237,90244.4669285221,89053.1208304558,89847.3515625,1324800
2024-04-22,89847.3539683361,90740.86356581126,89549.51743584438,89946.6328125,999100
2024-04-23,89946.62857241953,90542.30160932297,88556.72481964483,89450.234375,1562900
2024-04-24,90343.74818915564,90443.02703331954,89450.23859168046,89946.6328125,1925200
2024-04-25,89946.63461538462,92230.04807692308,89847.35576923077,90343.75,1235700
2024-04-26,91038.6989017955,92627.16038754112,90542.3046875,90542.3046875,1698300
2024-04-29,90542.3046875,90542.3046875,90542.3046875,90542.3046875,0
2024-04-30,90542.3046875,90542.3046875,90542.3046875,90542.3046875,0
2024-05-02,91435.81550088411,91832.93087765234,90443.02705896355,91237.2578125,932400
2024-05-03,91733.6508445946,92726.43927364865,91137.97778716216,91832.9296875,1470700
2024-05-06,92230.04927755377,92627.16466733871,92031.4915826613,92329.328125,1147200
2024-05-07,92726.44109930033,93421.39301332078,92230.046875,92230.046875,1154200
2024-05-08,92031.4915826613,92527.88581989247,91435.81849798387,92329.328125,1246000
2024-05-09,92230.04505912162,92726.43927364865,91634.37200168919,91832.9296875,606600
2024-05-10,92031.49099014945,92031.49099014945,91038.7025220788,91336.5390625,823400
2024-05-13,91435.81730769231,91733.65384615384,89847.35576923077,90343.75,1232600
2024-05-14,90443.02703331954,90939.42125413907,89847.3539683361,89946.6328125,818400
2024-05-15,90343.75,90641.58653846155,90145.19230769231,90343.75,883100
2024-05-16,91336.53786447084,92031.48978300486,90840.14363694655,91932.2109375,1713900
2024-05-17,91932.20729507081,91932.20729507081,91038.69772092866,91137.9765625,1084700
2024-05-20,91634.37318926823,92329.32509861262,91137.97896830794,91237.2578125,1043800
2024-05-21,91237.25415923436,91336.53299945116,90045.90807663281,90443.0234375,1486400
2024-05-22,90840.14483703142,91038.70253066428,90045.9140625,90045.9140625,1347700
2024-05-23,90045.91346153847,90840.14423076923,89847.35576923077,90343.75,1317500
2024-05-24,90343.74636225056,90343.74636225056,89350.95794068737,89549.515625,2241500
2024-05-27,89748.07330931263,89946.63099362528,89053.1214142184,89549.515625,1058500
2024-05-28,89152.40444115215,90045.9140625,89152.40444115215,90045.9140625,1350100
2024-05-29,90145.18683880847,90343.74451907015,89152.3984375,89152.3984375,1186300
2024-05-30,88854.56427236173,89053.12195788657,87861.77584473758,87961.0546875,2356000
2024-05-31,88060.33103676893,88358.1675566227,86571.1484375,86571.1484375,3921500
2024-06-03,86571.1484375,86571.1484375,86571.1484375,86571.1484375,0
2024-06-04,88258.89362845266,88556.73016488162,87663.2205555947,88060.3359375,1814600
2024-06-05,88060.33053561374,88854.56125070383,87961.05169622749,88159.609375,1882800
2024-06-06,88258.89303019663,89053.1237886236,88159.61418539326,88358.171875,1699700
2024-06-07,88457.44647775425,89053.11951800848,87861.7734375,87861.7734375,1129500
2024-06-10,88258.89240944602,88556.72894176136,87266.10396839489,87365.3828125,2641600
2024-06-11,87663.21567696387,87762.49451691513,86471.86959754874,86571.1484375,2252400
2024-06-12,86769.71094630778,88556.73016488162,86372.59556440248,88060.3359375,2249800
2024-06-13,88258.89423076923,88457.45192307692,87762.5,87762.5,1600400
2024-06-14,87861.77276785714,88457.44580357142,86868.984375,86868.984375,2482100
2024-06-17,86968.26923076923,87166.82692307692,86471.875,86471.875,2293700
2024-06-18,86868.99038461539,87861.77884615384,86471.875,86471.875,1370900
2024-06-19,86670.42845157333,86868.98613416571,85876.19772120382,85975.4765625,2174300
2024-06-20,85975.47774345931,85975.47774345931,84982.68931686047,85379.8046875,2648800
2024-06-21,85479.08353015989,86074.75658611918,84883.41047420059,85379.8046875,1808400
2024-06-24,85379.80829678362,86769.71215277778,84883.4140625,84883.4140625,2149800
2024-06-25,85081.97175621345,86074.7602247807,84883.4140625,84883.4140625,1565900
2024-06-26,85280.53005795188,85677.6454482101,84585.578125,84585.578125,1706900
2024-06-27,84585.578125,85379.80890551643,84585.578125,84585.578125,1423000
2024-06-28,85379.80890551643,85379.80890551643,84387.0204298709,84585.578125,1112400
2024-07-01,85181.2494011324,85578.36478295586,84585.57632839722,85479.0859375,1179200
2024-07-02,86074.75488945578,88159.61054421769,85578.36068594105,87563.9375,2425200
2024-07-03,87365.37923728814,88060.33111758475,87166.8215572034,87861.7734375,2250700
2024-07-04,87961.05587713068,89053.12316228694,87365.3828125,87365.3828125,3060300
2024-07-05,87464.66165660512,88556.72894176136,87365.3828125,87365.3828125,1847400
2024-07-08,87365.37915711009,88060.33103676893,86571.1484375,86571.1484375,1143800
2024-07-09,86868.99098148411,87762.50060300794,86074.76020679626,87464.6640625,1549000
2024-07-10,87663.21815921276,88556.7277440745,87365.3816309255,87961.0546875,1722900
2024-07-11,87961.05829667991,88258.89483718785,87464.6640625,87464.6640625,1445100
2024-07-12,87563.93867722603,87961.05404537672,86968.265625,86968.265625,1373400
2024-07-15,86968.26321428572,87663.21508928572,86868.984375,86868.984375,1172000
2024-07-16,86968.26503839591,87961.05345207623,86968.26503839591,87266.1015625,1534100
2024-07-17,88159.61356534091,89350.95969460228,86868.98859197444,87365.3828125,3362500
2024-07-18,87663.21934481534,88159.61356534091,87266.10396839489,87365.3828125,1651700
2024-07-19,87365.37857142856,88159.60928571428,86868.984375,86868.984375,1323100
2024-07-22,86868.9891854333,87663.21994370011,86670.4314958666,87067.546875,1461100
2024-07-23,87166.82089285714,87663.21508928572,86868.984375,86868.984375,1410400
2024-07-24,86769.70553571428,87464.65741071428,86769.70553571428,86868.984375,1476700
2024-07-25,86968.26621563574,87067.54505834765,86571.15084478808,86670.4296875,881000
2024-07-26,86670.4296875,87067.54505834765,86571.15084478808,86670.4296875,903300
2024-07-29,86968.26621563574,87166.82390105956,86670.4296875,86670.4296875,452800
2024-07-30,86670.42669642856,87663.21508928572,86670.42669642856,86868.984375,977800
2024-07-31,86868.98625805775,88556.7265625,86868.98625805775,88556.7265625,1863400
2024-08-01,88656.01020707001,90740.865990215,88556.73136025357,90045.9140625,4800600
2024-08-02,89748.07631059752,89748.07631059752,88060.3359375,88060.3359375,1511400
2024-08-05,87861.77394994246,87861.77394994246,86273.3125,86273.3125,3059700
2024-08-06,86273.31431665235,87067.54505834765,86074.75663122852,86670.4296875,1653100
2024-08-07,86769.71034064994,87067.546875,86372.59496151653,87067.546875,713000
2024-08-08,87067.54505834765,87067.54505834765,86571.15084478808,86670.4296875,961200
2024-08-09,86769.71034064994,87663.21994370011,86769.71034064994,87067.546875,1136700
2024-08-12,87762.50121013667,87762.50121013667,86670.43388738611,87166.828125,1060300
2024-08-13,86968.26452513966,88854.5625,86968.26452513966,88854.5625,1592900
2024-08-14,88656.00778586647,88755.2866299716,87166.82512428978,87365.3828125,1492800
2024-08-15,87365.38099315068,88159.61172945205,86968.265625,86968.265625,921000
2024-08-16,87365.38521566402,88258.89483718785,87365.38521566402,87464.6640625,1370400
2024-08-19,88159.609375,88656.0035719313,87663.2151780687,88159.609375,1655200
2024-08-20,88258.88952367842,90145.1875,88258.88952367842,90145.1875,3384300
2024-08-21,90145.18877963362,92329.32330953664,89748.07341056035,92130.765625,2745300
2024-08-22,92230.04263900162,92527.8791599026,91435.81191659902,91733.6484375,1413500
2024-08-23,91832.92727780032,92130.7637987013,89847.35047179383,91733.6484375,1075500
2024-08-26,91435.81790930706,91932.21214334239,90939.42367527174,91336.5390625,1565800
2024-08-27,91336.53483606556,91435.81367827869,90244.46757172131,90840.140625,900600
2024-08-28,91038.69647880076,91237.25415923436,90443.0234375,90443.0234375,1031600
2024-08-29,90343.74641393442,91733.65020491803,90343.74641393442,90840.140625,1496300
2024-08-30,90840.14543007089,91634.37620978734,90840.14543007089,91038.703125,1669800
2024-09-04,90443.02884615384,90443.02884615384,89648.79807692308,90343.75,1012700
2024-09-05,89946.62857241953,90443.02276983907,89450.234375,89450.234375,1184100
2024-09-06,89549.515625,90145.18867793791,89152.40025637472,89549.515625,784800
2024-09-09,89450.23678284368,89549.515625,88556.7272034368,89549.515625,702800
2024-09-10,89450.23916783708,89549.51801264046,88358.171875,88358.171875,1192200
2024-09-11,87961.05769230769,88358.17307692308,87365.38461538462,87762.5,1027300
2024-09-12,87861.77409217876,89450.23554469274,87762.49525139664,88854.5625,1609600
2024-09-13,89152.40084468854,89549.51621593437,88457.44894500835,89251.6796875,1624800
2024-09-16,88953.84251968503,89350.95788807649,88159.61178290214,88258.890625,727700
2024-09-17,88358.16893991713,89847.3515625,87961.05357389503,89847.3515625,970800
2024-09-18,89946.63461538462,91237.25961538462,89053.125,90343.75,1721200
2024-09-19,90343.74641393442,91038.69830942623,90244.46757172131,90840.140625,1345500
2024-09-20,91137.97894246689,91336.5366307947,89946.6328125,89946.6328125,2180400
2024-09-23,90641.5841240374,90939.42065456546,90244.46875,90244.46875,696500
2024-09-24,90244.4681589227,90840.1412160773,90244.4681589227,90542.3046875,522400
2024-09-25,90840.14067551185,92329.32330953664,90542.3041487069,92130.765625,2602400
2024-09-26,92230.04505912162,93123.55464527027,91832.9296875,91832.9296875,1816800
2024-09-27,91832.9296875,92924.99695945946,91832.9296875,91832.9296875,1070900
2024-09-30,91832.93329653532,91832.93329653532,91336.5390625,91336.5390625,1276900
2024-10-01,91634.3756029212,92726.44291779891,91336.5390625,91336.5390625,1724400
2024-10-02,91634.36901631608,92031.484375,91137.97481796116,92031.484375,1378900
2024-10-03,91932.2109375,93222.83592906318,91733.65324649028,91932.2109375,1699200
2024-10-04,91832.93269230769,92130.76923076923,91634.375,91634.375,859700
2024-10-07,91634.3756029212,91832.93329653532,91137.98136888587,91336.5390625,610700
2024-10-08,91336.53483606556,91336.53483606556,90343.74641393442,90840.140625,1123100
2024-10-09,90641.58653846155,91137.98076923077,90244.47115384616,90343.75,2175700
2024-10-10,91634.37318926823,92329.32509861262,90542.3059031556,91237.2578125,1325200
2024-10-11,91237.25599385245,91237.25599385245,90542.30409836065,90840.140625,1083500
2024-10-14,91535.09009163019,91535.09009163019,90641.58053542122,90740.859375,930700
2024-10-15,90641.58053542122,91435.81125205143,90641.58053542122,90740.859375,1430600
2024-10-16,90740.86178278687,91137.97715163934,90641.58294057376,90840.140625,1293000
2024-10-17,91336.53606290671,91634.37259354664,91038.69953226681,91535.09375,1285400
2024-10-18,92031.48495840098,92428.60031960228,91336.5330762987,91733.6484375,1162700
2024-10-21,91832.93329653532,92627.16407099184,91336.5390625,91336.5390625,1423100
2024-10-22,91336.53241247265,91535.09009163019,90740.859375,90740.859375,1259500
2024-10-23,90542.30409836065,91137.97715163934,90542.30409836065,90840.140625,749300
2024-10-24,91535.09736232279,91634.37620978734,90740.86658260632,91038.703125,755400
2024-10-25,91435.81308721405,91634.37077035675,91038.69772092866,91137.9765625,996300
2024-10-28,90840.14482846468,91634.3756029212,90840.14482846468,91336.5390625,1105800
2024-10-29,91435.81790930706,91932.21214334239,91336.5390625,91336.5390625,1297600
2024-10-30,91336.53966739368,91733.6550572519,90939.42427753544,91038.703125,626500
2024-10-31,90840.14423076923,94314.90384615384,90840.14423076923,92925.0,2888900
2024-11-01,93322.11296791444,94215.62256016042,92825.71875,92825.71875,1729900
2024-11-04,93322.11233108108,94612.73728885135,91733.6508445946,91832.9296875,1853600
2024-11-05,91932.2109375,92329.32631951944,91336.53786447084,91932.2109375,1082700
2024-11-06,92130.76803013994,92726.44109930033,92130.76803013994,92230.046875,1416800
2024-11-07,92527.8828125,93222.83472203594,92527.8828125,92527.8828125,1418900
2024-11-08,92825.71871610629,93222.83409029283,91535.09375,91535.09375,1380000
2024-11-11,92130.76983695652,92130.76983695652,91237.26021569294,91336.5390625,1873400
2024-11-12,91336.53665669206,92527.88278699674,91237.2578125,91237.2578125,1336300
2024-11-13,91237.25663006757,92230.04505912162,91237.25663006757,91832.9296875,1331800
2024-11-14,91336.5390625,91832.93329653532,91237.26021569294,91336.5390625,1719700
2024-11-15,91336.53966739368,91832.93390471647,90939.42427753544,91038.703125,1508600
2024-11-18,91038.70192307692,91634.375,90244.47115384616,90343.75,1874900
2024-11-19,90840.14361979166,90939.42246527778,89350.9609375,89350.9609375,1577000
2024-11-20,89350.96034053157,90542.30647840531,89251.68149570875,89648.796875,1640700
2024-11-21,89748.07272099447,90641.5822945442,89549.51503798342,89847.3515625,1461100
2024-11-22,90343.74818915564,90641.58472164735,89946.6328125,89946.6328125,1729700
2024-11-25,90244.47055551753,91535.09554696057,90244.47055551753,90641.5859375,1814000
2024-11-26,90740.86003449676,92230.04263900162,90740.86003449676,91733.6484375,1759900
2024-11-27,91634.36901631608,92527.87857335492,91634.36901631608,92031.484375,1047200
2024-11-28,92428.6051650243,92825.72054704373,91832.93209199514,91932.2109375,1289900
2024-11-29,91932.21213491425,92627.1640625,91832.9332881163,92627.1640625,1010500
2024-12-02,94215.62378914544,94414.18147890127,93222.83534036625,93520.671875,1573100
2024-12-03,93719.23198924732,93719.23198924732,91932.21273521506,92329.328125,2445800
2024-12-04,92130.76684491978,93222.83412433155,91832.93031417113,92825.71875,1204400
2024-12-05,92329.32097739361,93917.78241356382,92329.32097739361,93322.109375,2333000
2024-12-06,93322.11418524417,94612.73916865712,93222.83534036625,93520.671875,1700100
2024-12-09,93520.66713667366,94612.734375,93222.83061713012,94612.734375,1957500
2024-12-10,94612.73856646825,94612.73856646825,93818.5078125,93818.5078125,912700
2024-12-11,93818.51022407557,94116.34676446946,92527.88521570204,92627.1640625,1609700
2024-12-12,92825.71875,93719.22834224599,92825.71875,92825.71875,671500
2024-12-13,92527.88040413534,92924.99577067669,92230.04387922933,92428.6015625,1227700
2024-12-16,92329.32272086466,92527.88040413534,92230.04387922933,92428.6015625,1121800
2024-12-17,92329.328125,92428.60697244624,92130.77043010753,92329.328125,1048100
2024-12-18,92329.32272086466,92627.15924577067,92329.32272086466,92428.6015625,530300
2024-12-19,92130.7637987013,92130.7637987013,91535.09075689936,91733.6484375,1869700
2024-12-20,91733.6508445946,92230.04505912162,91634.37200168919,91832.9296875,1245900
2024-12-23,91932.20611810066,92130.7637987013,91733.6484375,91733.6484375,707200
2024-12-24,92031.4855456026,92130.76438653638,91336.53365906623,91435.8125,1024300
2024-12-25,91535.09075689936,93123.55220170454,91535.09075689936,91733.6484375,1827700
2024-12-26,91832.92786373507,92130.76438653638,91336.53365906623,91435.8125,2202900
2024-12-27,91832.9302806399,92329.3244983731,91535.09375,91535.09375,1639900
2024-12-30,91535.09675611413,91832.93329653532,91336.5390625,91336.5390625,1706700
2024-12-31,91535.09311609101,91733.65080180921,90542.3046875,90542.3046875,2374000
2025-01-02,90939.42127992383,91832.93087765234,90840.14243573177,91237.2578125,1630500
2025-01-03,91237.26021569294,91733.65444972826,91237.26021569294,91336.5390625,1402200
2025-01-06,91336.53727125943,92726.44109930033,91237.25842639935,92230.046875,1936800
2025-01-07,92527.88461538462,92527.88461538462,91634.375,91634.375,1252400
2025-01-08,91634.36959719968,91733.6484375,90840.13887479708,91733.6484375,1052000
2025-01-09,91336.53665669206,91535.09434507617,91038.70012411589,91237.2578125,738300
2025-01-10,91237.25357289387,91733.64777078775,90740.859375,90740.859375,1112500
2025-01-13,90641.58474734766,91237.2578125,90443.02705896355,91237.2578125,937600
2025-01-14,91237.26081992911,91237.26081992911,90542.30888767721,91038.703125,677300
2025-01-15,91237.25357289387,91237.25357289387,90740.859375,90740.859375,445300
2025-01-16,91237.25357289387,91237.25357289387,90740.859375,90740.859375,445300
2025-01-17,92031.48737331081,92329.32390202703,91535.09315878378,91832.9296875,1122600
2025-01-20,91634.37620978734,91832.93390471647,90939.42427753544,91038.703125,1761500
2025-01-21,91435.81125205143,91435.81125205143,90641.58053542122,90740.859375,1264900
2025-01-22,91336.53543037281,91336.53543037281,90542.3046875,90542.3046875,979100
2025-01-23,90641.58357263514,92230.04505912162,90641.58357263514,91832.9296875,1685100
2025-01-24,91435.8167099757,92329.32631951944,91435.8167099757,91932.2109375,944000
2025-01-27,91932.2109375,91932.2109375,91932.2109375,91932.2109375,0
2025-01-28,91932.2109375,91932.2109375,91932.2109375,91932.2109375,0
2025-01-29,91932.2109375,91932.2109375,91932.2109375,91932.2109375,0
2025-01-30,91932.2109375,91932.2109375,91932.2109375,91932.2109375,0
2025-01-31,91932.2109375,91932.2109375,91932.2109375,91932.2109375,0
2025-02-03,91634.37378889193,91733.65263373363,90939.421875,90939.421875,1435800
2025-02-04,91435.81790930706,91535.09675611413,91038.7025220788,91336.5390625,855200
2025-02-05,91336.53786447084,92130.76862850972,91336.53786447084,91932.2109375,1345800
2025-02-06,92130.76803013994,92726.44109930033,92031.48918527988,92230.046875,1351600
2025-02-07,92230.04927755377,92527.88581989247,91832.93388776881,92329.328125,2260900
2025-02-10,92230.04565482646,92230.04565482646,91237.25721936008,91535.09375,2298100
2025-02-11,91535.09434507617,91634.37318926823,91038.70012411589,91237.2578125,1039400
2025-02-12,91237.25599385245,91832.92904713114,90840.140625,90840.140625,1054100
2025-02-13,91237.25840952511,91237.25840952511,90740.8641853166,90939.421875,862300
2025-02-14,91535.09494405023,91535.09494405023,90840.1430301583,90939.421875,947800
2025-02-17,90840.1430301583,91336.53725436682,90840.1430301583,90939.421875,787100
2025-02-18,90939.421875,91336.53725436682,90740.8641853166,90939.421875,1065500
2025-02-19,90939.42427753544,91038.703125,90641.58773514176,91038.703125,1509500
2025-02-20,91535.09736232279,91634.37620978734,91038.703125,91038.703125,1636600
2025-02-21,91435.81314614661,92428.6015625,91435.81314614661,92428.6015625,2513400
2025-02-24,92627.16106283422,92825.71875,92031.4880013369,92825.71875,1956000
2025-02-25,92825.72054704373,92924.9993925486,91832.93209199514,91932.2109375,1926600
2025-02-26,91932.21153846155,92230.04807692308,91535.09615384616,91634.375,769200
2025-02-27,94215.61893284574,94712.01313164893,93322.109375,93322.109375,5028800
2025-02-28,93520.67368368167,93520.67368368167,92627.1640625,92627.1640625,2070800
2025-03-03,62090.781351780635,62090.781351780635,61758.74790828911,61957.96875,1870245
2025-03-04,61891.55869162846,62024.37516758669,61559.521379812664,61758.74609375,3735855
2025-03-05,61758.74609375,62290.00424142337,61758.74609375,61758.74609375,2721199
2025-03-06,62090.78125,62555.63505066994,61891.560408615675,62090.78125,3524612
2025-03-07,62157.18880103669,63286.11335317102,62090.78056195118,63153.296875,5979252
2025-03-10,64016.5935729088,64680.66434222184,63817.37272992288,64282.22265625,6621056
2025-03-11,63750.9644895676,64282.22265625,63485.335406226404,64282.22265625,5442099
2025-03-12,65524.04024550225,68105.29031577961,65126.92485007496,66218.9921875,7560300
2025-03-13,66715.38091603054,66715.38091603054,64729.80410305344,65027.640625,4496300
2025-03-14,64928.362109375,66318.26588541667,64928.362109375,65524.03515625,4920600
2025-03-17,65524.03905089153,66814.6640625,65524.03905089153,66814.6640625,4940800
2025-03-18,67311.05403255988,67311.05403255988,66318.265625,66318.265625,3656000
2025-03-19,66715.38157894737,66715.38157894737,66020.4296875,66020.4296875,3674000
2025-03-20,66020.42910273204,66516.82330651199,65722.59258046407,66318.265625,1688900
2025-03-21,66516.82356770833,66516.82356770833,65524.03515625,65524.03515625,1701500
2025-03-24,65821.87200422933,66020.4296875,65027.64127114662,66020.4296875,1977600
2025-03-25,66020.43027756797,66119.70912009063,65722.59375,65722.59375,2028100
2025-03-26,65921.15354293313,66119.71123432751,65325.48046875,65325.48046875,1507400
2025-03-27,65325.47714694656,65424.75598759542,65027.640625,65027.640625,901500
2025-03-28,65027.643319589115,65226.20100911458,64332.69140625,64332.69140625,1650600
2025-03-31,64233.4128540039,64729.80708007812,63538.4609375,63538.4609375,1771900
2025-04-01,64233.41316012597,64829.086234253875,63538.46124031008,64034.85546875,1715200
2025-04-02,64531.24909577546,65524.037543402774,64134.13371672454,64332.69140625,2330700
2025-04-03,63538.45771144279,63935.573072139305,59865.140625,59865.140625,9806100
2025-04-04,56291.1029296875,59567.3046875,55794.708723958334,59567.3046875,11887700
2025-04-08,59368.74742383513,59368.74742383513,55397.59375,55397.59375,7181200
2025-04-09,51625.000297619044,59269.47149553571,51625.000297619044,52121.39453125,8995800
2025-04-10,55695.4296875,55695.4296875,55695.4296875,55695.4296875,174400
2025-04-11,59368.75,59468.02884615385,57581.73076923077,59368.75,8059500
2025-04-14,59567.30738827993,59567.30738827993,58276.6823948672,58872.35546875,3619500
2025-04-15,58673.795117187496,60460.8142578125,57879.56438802083,59567.3046875,5633100
2025-04-16,59269.470851338534,59865.14392522133,58574.5189318086,58872.35546875,2625800
2025-04-17,58872.35392910929,58872.35392910929,57681.0078125,57681.0078125,3151800
2025-04-18,58276.680870804645,59170.19045826162,57681.0078125,57681.0078125,2165400
2025-04-21,58078.12167767397,58475.237039572596,57681.00631577535,57780.28515625,1290500
2025-04-22,57681.00961538462,58375.96153846154,54305.52884615385,58078.125,3850700
2025-04-23,58971.63430765086,58971.63430765086,57581.73046875,57581.73046875,1928700
2025-04-24,57780.28515625,58177.40051814863,57581.727475300686,57780.28515625,1861200
2025-04-25,57780.287853260874,58574.51861413044,57085.3359375,57085.3359375,3682000
2025-04-28,57283.89362771739,57879.56669836957,57085.3359375,57085.3359375,1654600
2025-04-29,57283.8927178774,58078.1234661322,56886.77734375,56886.77734375,2432200
2025-04-30,56886.77734375,56886.77734375,56886.77734375,56886.77734375,0
2025-05-01,56886.77734375,56886.77734375,56886.77734375,56886.77734375,0
2025-05-02,56886.77734375,56886.77734375,56886.77734375,56886.77734375,0
2025-05-05,56886.77734375,56886.77734375,56886.77734375,56886.77734375,0
2025-05-06,57085.334117775834,57581.72832749563,56588.93990805605,56688.21875,2101500
2025-05-07,56886.777939967105,57581.72985197368,56588.94140625,56588.94140625,2992900
2025-05-08,56688.22025082236,57085.33562911184,56588.94140625,56588.94140625,2415400
2025-05-09,56986.05527583187,57283.891801663754,56489.66106611209,56688.21875,3022300
2025-05-12,56688.21875,56688.21875,56688.21875,56688.21875,0
2025-05-13,56588.93958425354,56886.776108381186,55794.70885324647,56191.82421875,5992500
2025-05-14,56688.21934143926,56886.77702739877,56191.82512654049,56390.3828125,7392600
2025-05-15,56787.49707197615,58375.958528534924,56787.49707197615,58276.6796875,8014200
2025-05-16,58872.35273370954,59368.74693888416,58276.6796875,58276.6796875,8070600
2025-05-19,56986.05678453947,57184.61447368421,56588.94140625,56588.94140625,4784400
2025-05-20,56986.05678453947,57184.61447368421,56588.94140625,56588.94140625,4784400
2025-05-21,56588.93990805605,56986.05527583187,56390.38222416813,56688.21875,3867000
2025-05-22,57085.334117775834,57482.44948555167,56588.93990805605,56688.21875,5161800
2025-05-23,56688.21783693981,56986.05435797452,56489.66015625,56489.66015625,3694300
2025-05-26,56489.66256167763,56588.94140625,55596.15296052631,56588.94140625,4728300
2025-05-27,56489.66256167763,56588.94140625,55596.15296052631,56588.94140625,4728300
2025-05-28,56390.3828125,56787.49818441902,56291.10396952025,56390.3828125,5548900
2025-05-29,56688.21934143926,57184.61355633803,56390.3828125,56390.3828125,4950200
2025-05-30,56787.49969686949,56787.49969686949,56291.10546875,56291.10546875,3904500
2025-06-02,56092.54747275356,56092.54747275356,55695.43209241548,55794.7109375,3225700
2025-06-03,56092.54747275356,56092.54747275356,55695.43209241548,55794.7109375,3225700
2025-06-04,56291.10396952025,56489.66165547976,55993.26744058099,56390.3828125,3364000
2025-06-05,56489.660742877655,56588.93958425354,56092.54537737412,56191.82421875,2690500
2025-06-06,56291.1036509214,56390.38249333925,55893.98828125,55893.98828125,2783100
2025-06-09,55794.71153846154,55993.269230769234,55496.875,55496.875,2223900
2025-06-10,55794.71153846154,55993.269230769234,55496.875,55496.875,2223900
2025-06-11,55596.15384615385,55794.71153846154,55496.875,55496.875,2231400
2025-06-12,55794.71062892729,55794.71062892729,55298.31640625,55298.31640625,2295800
2025-06-13,55596.15234375,55695.43118722099,55298.31581333706,55596.15234375,2560800
2025-06-16,55794.70885324647,56291.10306012589,55794.70885324647,56191.82421875,4336600
2025-06-17,55794.70885324647,56291.10306012589,55794.70885324647,56191.82421875,4336600
2025-06-18,56489.66346153846,57085.33653846154,56390.38461538462,56787.5,5159800
2025-06-19,56787.49969686949,56886.77854249338,56092.5477775022,56291.10546875,3421100
2025-06-20,56291.10306012589,56588.93958425354,56092.54537737412,56191.82421875,2368700
2025-06-23,56291.10306012589,56489.660742877655,56092.54537737412,56191.82421875,2480600
2025-06-24,56291.10306012589,56489.660742877655,56092.54537737412,56191.82421875,2480600
2025-06-25,56489.660742877655,56688.21842562942,56191.82421875,56191.82421875,3507600
2025-06-26,56390.38190150177,56489.660742877655,56191.82421875,56191.82421875,2739800
2025-06-27,56291.10607130984,56390.38491799645,55993.26953125,55993.26953125,2842900
2025-06-30,56588.94140625,56787.499095394734,56489.66256167763,56588.94140625,2952200
2025-07-01,56588.94140625,56787.499095394734,56489.66256167763,56588.94140625,2952200
2025-07-02,56787.49675150344,58375.95819909794,56688.21791102878,57780.28515625,10049500
2025-07-03,57879.56700565733,58177.40354256465,57283.89393184267,57581.73046875,2913600
2025-07-04,57681.00690171632,58375.95879209844,57283.891535783674,57482.44921875,7395300
2025-07-07,58078.123500159985,58475.23887452005,57780.286969389934,58177.40234375,8056200
2025-07-08,58078.123500159985,58475.23887452005,57780.286969389934,58177.40234375,8056200
2025-07-09,58375.96183792373,59070.913764565674,58177.40414459746,58574.51953125,10394500
2025-07-10,58971.63258384146,61354.32480945122,58971.63258384146,61056.48828125,16449700
2025-07-11,61354.32631820032,61354.32631820032,60560.09555679967,60957.2109375,8152900
2025-07-14,62446.394230769234,62446.394230769234,60560.096153846156,61950.0,6475000
2025-07-15,62446.394230769234,62446.394230769234,60560.096153846156,61950.0,6475000
2025-07-16,61949.999389250814,62148.55707960098,60957.2109375,60957.2109375,6315400
2025-07-17,60957.208851638345,61652.16074408374,60659.37232630461,61354.32421875,7603200
2025-07-18,61354.32602743167,62247.83562977291,61354.32602743167,61751.44140625,9992700
2025-07-21,61751.439258768354,62247.83346502855,60857.9296875,60857.9296875,6138200
2025-07-22,61751.439258768354,62247.83346502855,60857.9296875,60857.9296875,6138200
2025-07-23,60857.93180390876,61751.44140625,60460.81642509043,61751.44140625,4902600
2025-07-24,62049.275519575276,62148.5543604066,61354.32363375604,61652.16015625,5087300
2025-07-25,61751.43899708132,63042.063927888485,61453.60247458736,61652.16015625,8710200
2025-07-28,61751.44022442277,62545.67096685908,61652.16138161823,62347.11328125,10484700
2025-07-29,61751.44022442277,62545.67096685908,61652.16138161823,62347.11328125,10484700
2025-07-30,62744.22827868852,62744.22827868852,60560.09375,60560.09375,10595600
2025-07-31,60560.095250923645,61453.60485298645,59964.42218288177,60460.81640625,7271000
2025-08-01,61056.48823582849,61255.04592114826,59666.58443859012,59765.86328125,6066900
2025-08-04,59666.58653846154,60957.21153846154,59567.307692307695,60659.375,4462400
2025-08-05,59666.58653846154,60957.21153846154,59567.307692307695,60659.375,4462400
2025-08-06,61056.48828125,63240.62282139227,60758.651753048776,61056.48828125,18590000
2025-08-07,61652.16106540931,62347.11296147673,61453.60338081862,61850.71875,4677500
2025-08-08,62446.39300547002,62446.39300547002,60857.93149817666,61255.046875,9498700
2025-08-11,61652.16196875,62744.229250000004,61652.16196875,62049.27734375,7266300
2025-08-12,61652.16196875,62744.229250000004,61652.16196875,62049.27734375,7266300
2025-08-13,62347.11418650794,64332.69107142858,62247.835342261904,62545.671875,12129000
2025-08-14,63042.06578125,63141.344625,61552.883125,62049.27734375,7519800
2025-08-15,63240.62206432132,65821.8719444977,62843.506698140336,64729.8046875,19003100
2025-08-18,64332.69200581395,65126.922771317826,63538.46124031008,64034.85546875,8297300
2025-08-19,64332.69200581395,65126.922771317826,63538.46124031008,64034.85546875,8297300
2025-08-20,64034.852146612146,64928.3617114486,63737.015625,63737.015625,9191400
2025-08-21,64034.85453869048,64134.13338293651,61751.44112103175,62545.671875,10537600
2025-08-22,62843.50606016355,64531.246349299065,62843.50606016355,63737.015625,9639300
2025-08-25,65325.4782822327,65325.4782822327,62942.786065251574,63141.34375,7750800
2025-08-26,65325.4782822327,65325.4782822327,62942.786065251574,63141.34375,7750800
2025-08-27,63141.34437886997,64531.24818595201,62446.39247532895,64134.1328125,7988400
2025-08-28,64531.247173480464,68601.6796875,64531.247173480464,68601.6796875,31048100
2025-08-29,68998.79262907608,70090.85985054348,68204.56192255435,68502.3984375,8799400
2025-09-01,68502.3984375,68502.3984375,68502.3984375,68502.3984375,0
2025-09-02,68502.3984375,68502.3984375,68502.3984375,68502.3984375,0
2025-09-03,68303.8473880597,68303.8473880597,66516.828125,66516.828125,14216900
2025-09-04,68303.8473880597,68303.8473880597,66516.828125,66516.828125,14216900
2025-09-05,67013.22115384616,68502.40384615384,66417.54807692308,68403.125,8942100
2025-09-08,66616.10515170367,67013.22053263782,64829.0859375,64829.0859375,11249800
2025-09-09,66616.10515170367,67013.22053263782,64829.0859375,64829.0859375,11249800
2025-09-10,65027.64180469954,65722.593701849,64034.85338020031,64431.96875,6192300
2025-09-11,65126.92277735562,65524.03816014437,64332.69201177811,65325.48046875,5006400
2025-09-12,65126.92037671233,65524.03574486302,63737.01658818493,65226.19921875,6349100
2025-09-15,65226.19921875,65226.19921875,65226.19921875,65226.19921875,0
2025-09-16,65524.03816014437,65524.03816014437,65027.64393165843,65325.48046875,5367400
2025-09-17,65524.03725228659,66119.71031821646,65126.921875,65126.921875,6765400
2025-09-18,65027.643319589115,65325.47985387731,64332.69140625,64332.69140625,5627200
2025-09-19,64431.96810201487,64431.96810201487,63141.34316314554,63439.1796875,8783400
2025-09-22,62545.671244959674,62744.22893145161,61354.325126008065,61552.8828125,6061300
2025-09-23,62545.671244959674,62744.22893145161,61354.325126008065,61552.8828125,6061300
2025-09-24,61949.999095659165,62644.95100859124,61751.44140625,61751.44140625,3267800
2025-09-25,61949.999401913876,62247.8359375,61354.32633074163,62247.8359375,3879200
2025-09-26,62843.508407738096,62942.78725198413,62247.835342261904,62545.671875,3870300
2025-09-29,62446.3912115615,62446.3912115615,61949.997004792334,62148.5546875,2782900
2025-09-30,62446.3912115615,62446.3912115615,61949.997004792334,62148.5546875,2782900
2025-10-01,62347.11355846774,62446.39240171371,61354.325126008065,61552.8828125,4104100
2025-10-02,62247.83653846154,62247.83653846154,61552.88461538462,61950.0,3022000
2025-10-03,62400.0,63100.0,62100.0,62100.0,3657500
2025-10-06,62800.0,64000.0,62800.0,64000.0,7461700
2025-10-07,62800.0,64000.0,62800.0,64000.0,7461700
2025-10-08,64100.0,64100.0,63300.0,63700.0,4229300
2025-10-09,64200.0,64900.0,63600.0,64600.0,8113800
2025-10-10,64500.0,65200.0,63800.0,63800.0,5734200
2025-10-13,63400.0,63800.0,62800.0,63100.0,7992500
2025-10-14,63400.0,63800.0,62800.0,63100.0,7992500
2025-10-15,63500.0,64000.0,62900.0,63100.0,7008900
2025-10-16,63100.0,63400.0,62500.0,62500.0,5218800
2025-10-17,62700.0,63000.0,62500.0,62900.0,4634400
2025-10-20,61800.0,62200.0,58600.0,59400.0,12115600
2025-10-21,61800.0,62200.0,58600.0,59400.0,12115600
2025-10-22,59700.0,60700.0,59300.0,59300.0,8416700
2025-10-23,60100.0,60200.0,58500.0,59600.0,4664800
2025-10-24,58900.0,60300.0,58900.0,59800.0,4227100
2025-10-27,60000.0,60000.0,59200.0,59200.0,2640000
2025-10-28,60000.0,60000.0,59200.0,59200.0,2640000
2025-10-29,59200.0,60200.0,59100.0,60000.0,2789700
2025-10-30,60000.0,61000.0,59800.0,60700.0,3716000
2025-10-31,61000.0,61200.0,60300.0,60600.0,1946600
2025-11-03,60000.0,60300.0,59300.0,59300.0,2800100
2025-11-04,59200.0,60400.0,59100.0,60100.0,2952400
2025-11-05,59200.0,60400.0,59100.0,60100.0,2952400
2025-11-06,60900.0,61300.0,60200.0,60300.0,2821200
2025-11-07,60000.0,60000.0,59000.0,59300.0,3586300
2025-11-10,59400.0,59700.0,58800.0,58800.0,2316500
2025-11-11,59100.0,59600.0,58800.0,58900.0,2540900
2025-11-12,59100.0,59700.0,59000.0,59500.0,2012700
2025-11-13,59500.0,60000.0,59200.0,59800.0,2113500
2025-11-14,59800.0,60400.0,59400.0,60000.0,2069600
2025-11-17,60000.0,60400.0,59900.0,60200.0,1585600
2025-11-18,60400.0,60400.0,59800.0,59900.0,2158800
2025-11-19,59900.0,60100.0,59300.0,59400.0,2896200
2025-11-20,59600.0,59700.0,59200.0,59400.0,2259400
2025-11-21,59100.0,59200.0,58700.0,59000.0,3452400
2025-11-24,59000.0,59300.0,58700.0,58800.0,2025600
2025-11-25,58900.0,59000.0,58200.0,58200.0,2755000
2025-11-26,58500.0,58600.0,57800.0,58100.0,5371200
2025-11-27,58200.0,58500.0,57900.0,57900.0,3113500
2025-11-28,58000.0,58100.0,57400.0,57400.0,3534300
2025-12-01,57600.0,58000.0,57500.0,57500.0,2824900
2025-12-02,57500.0,57800.0,57200.0,57600.0,3185600
2025-12-03,57800.0,59100.0,57800.0,58900.0,6161200
2025-12-04,57800.0,59100.0,57800.0,58900.0,6161200
2025-12-05,59000.0,59200.0,58200.0,58300.0,3604700
2025-12-08,58200.0,58300.0,57800.0,57900.0,2141500
2025-12-09,57900.0,58700.0,57300.0,58000.0,4519400
2025-12-10,58300.0,58600.0,57800.0,58200.0,3082500
2025-12-11,58400.0,58400.0,57600.0,57600.0,1746700
2025-12-12,57800.0,57800.0,56800.0,56800.0,4847700
2025-12-15,56800.0,57300.0,56700.0,56800.0,3203100
2025-12-16,56900.0,57400.0,56000.0,56900.0,6346800
2025-12-17,57000.0,57500.0,56700.0,56700.0,2331200
2025-12-18,57000.0,57500.0,56700.0,56700.0,2331200
2025-12-19,57000.0,57500.0,56700.0,57500.0,4265500
2025-12-22,57700.0,58000.0,57300.0,57800.0,2961200
2025-12-23,57800.0,58100.0,57000.0,57200.0,3147900
2025-12-24,57300.0,57300.0,56900.0,57000.0,4431500
2025-12-25,57300.0,57300.0,56900.0,57000.0,4431500
2025-12-26,57100.0,57400.0,56600.0,57100.0,3302500
2025-12-29,57400.0,57500.0,57100.0,57100.0,2099700
2025-12-30,57300.0,58100.0,57200.0,57300.0,2958000
